Analysis group,Analysis number,Analysis name,Subgroup,Applicability,Study,Study year,GIV Mean,GIV SE,Experimental mean,Experimental SD,Experimental cases,Experimental N,Control mean,Control SD,Control cases,Control N,O-E,Variance,Weight,Mean,CI start,CI end,Footnotes
1,1,"Change in the number of decayed, missing or filled primary teeth (dmft)",Studies conducted in 1975 or earlier,SUBGROUP_AND_OVERALL,Adriasola 1959,1956,0.0,0.0,2.5,7.04,0,263,0.3,6.72,0,157,0.0,0.0,7.061695,2.2,0.847653,3.552347,
1,1,"Change in the number of decayed, missing or filled primary teeth (dmft)",Studies conducted in 1975 or earlier,SUBGROUP_AND_OVERALL,Beal 1981,1975,0.0,0.0,2.02,4.18,0,361,0.57,4.6,0,367,0.0,0.0,21.040763,1.45,0.811711,2.088289,
1,1,"Change in the number of decayed, missing or filled primary teeth (dmft)",Studies conducted in 1975 or earlier,SUBGROUP_AND_OVERALL,DHSS England 1969,1967,0.0,0.0,3.09,4.3,0,654,1.04,4.22,0,557,0.0,0.0,27.87185,2.05,1.568933,2.531067,
1,1,"Change in the number of decayed, missing or filled primary teeth (dmft)",Studies conducted in 1975 or earlier,SUBGROUP_AND_OVERALL,DHSS Scotland 1969,1969,0.0,0.0,3.49,4.92,0,258,0.59,5.64,0,223,0.0,0.0,12.393878,2.9,1.946911,3.853089,
1,1,"Change in the number of decayed, missing or filled primary teeth (dmft)",Studies conducted in 1975 or earlier,SUBGROUP_AND_OVERALL,DHSS Wales 1969,1965,0.0,0.0,2.87,4.68,0,1910,0.64,5.54,0,959,0.0,0.0,31.631815,2.23,1.821353,2.638647,
1,1,"Change in the number of decayed, missing or filled primary teeth (dmft)",Studies conducted after 1975,SUBGROUP_AND_OVERALL,Blinkhorn 2015,2015,0.0,0.0,1.3,3.49,0,813,0.88,3.77,0,568,0.0,0.0,39.252342,0.42,0.027986,0.812014,
1,1,"Change in the number of decayed, missing or filled primary teeth (dmft)",Studies conducted after 1975,SUBGROUP_AND_OVERALL,Goodwin 2022,2022,0.0,0.0,0.57,2.61,0,654,0.44,3.17,0,873,0.0,0.0,60.747658,0.13,-0.160226,0.420226,
1,2,"Change in the number of decayed, missing or filled permanent teeth (DMFT)",Studies conducted in 1975 or earlier,SUBGROUP_AND_OVERALL,Beal 1981,1975,0.0,0.18969975316844934,0.82,2.5,0,369,0.2,2.64,0,367,0.0,0.035985996352170604,33.025817,0.62,0.248493,0.991507,
1,2,"Change in the number of decayed, missing or filled permanent teeth (DMFT)",Studies conducted in 1975 or earlier,SUBGROUP_AND_OVERALL,DHSS England 1969,1967,0.0,0.0,1.62,3.92,0,939,0.65,4.39,0,725,0.0,0.0,31.713786,0.97,0.563824,1.376176,
1,2,"Change in the number of decayed, missing or filled permanent teeth (DMFT)",Studies conducted in 1975 or earlier,SUBGROUP_AND_OVERALL,DHSS Wales 1969,1965,0.0,0.0,0.66,3.72,0,1833,-0.73,4.95,0,1390,0.0,0.0,35.260396,1.39,1.079006,1.700994,
1,2,"Change in the number of decayed, missing or filled permanent teeth (DMFT)",Studies conducted after 1975,SUBGROUP_AND_OVERALL,Blinkhorn 2015,2015,0.0,0.0,0.14,1.5,0,710,0.27,1.94,0,446,0.0,0.0,36.988174,-0.13,-0.341164,0.081164,
1,2,"Change in the number of decayed, missing or filled permanent teeth (DMFT)",Studies conducted after 1975,SUBGROUP_AND_OVERALL,Goodwin 2022,2022,0.0,0.0,-0.32,0.77,0,570,-0.4,0.9,0,622,0.0,0.0,40.583136,0.08,-0.01486,0.17486,
1,2,"Change in the number of decayed, missing or filled permanent teeth (DMFT)",Studies conducted after 1975,SUBGROUP_AND_OVERALL,Hardwick 1982,1978,0.0,0.0,-3.76,2.86,0,144,-4.85,3.39,0,199,0.0,0.0,18.641022,1.09,0.42664,1.75336,"Baseline examinations were completed by end of 1974, fluoridation started in 1975 with a  possibility of fluoridated toothpaste being introduced during the study period."
1,2,"Change in the number of decayed, missing or filled permanent teeth (DMFT)",Studies conducted after 1975,SUBGROUP_AND_OVERALL,Tessier 1987,1986,0.0,0.0,5.12,6.16,0,76,2.83,6.18,0,89,0.0,0.0,3.787668,2.29,0.401493,4.178507,
1,3,"Change in the number of decayed, missing or filled permanent surfaces (DMFS) ",,SUBGROUP_AND_OVERALL,Hardwick 1982,1978,0.0,0.0,-6.73,5.44,0,144,-9.19,7.34,0,199,0.0,0.0,0.0,2.46,1.107422,3.812578,
1,4,Change in the proportion of caries-free participants (primary teeth),Studies conducted in 1975 or earlier,SUBGROUP_AND_OVERALL,Adriasola 1959,1956,0.0,0.0,-0.16,1.155,0,633,-0.04,0.425,0,356,0.0,0.0,10.1468,-0.12,-0.220224,-0.019776,
1,4,Change in the proportion of caries-free participants (primary teeth),Studies conducted in 1975 or earlier,SUBGROUP_AND_OVERALL,Beal 1981,1975,0.0,0.0,-0.17,0.581,0,361,-0.06,0.517,0,367,0.0,0.0,15.332619,-0.11,-0.189936,-0.030064,
1,4,Change in the proportion of caries-free participants (primary teeth),Studies conducted in 1975 or earlier,SUBGROUP_AND_OVERALL,DHSS England 1969,1967,0.0,0.0,-0.3,0.652,0,654,-0.14,0.481,0,557,0.0,0.0,22.588496,-0.16,-0.223973,-0.096027,
1,4,Change in the proportion of caries-free participants (primary teeth),Studies conducted in 1975 or earlier,SUBGROUP_AND_OVERALL,DHSS Scotland 1969,1969,0.0,0.0,-0.19,0.615,0,258,0.02,0.571,0,223,0.0,0.0,9.130226,-0.21,-0.316057,-0.103943,
1,4,Change in the proportion of caries-free participants (primary teeth),Studies conducted in 1975 or earlier,SUBGROUP_AND_OVERALL,DHSS Wales 1969,1965,0.0,0.0,-0.22,0.669,0,1910,-0.03,0.474,0,959,0.0,0.0,42.801859,-0.19,-0.232428,-0.147572,
1,4,Change in the proportion of caries-free participants (primary teeth),Studies conducted after 1975,SUBGROUP_AND_OVERALL,Blinkhorn 2015,2015,0.0,0.0,-0.24,0.73,0,813,-0.19,0.67,0,568,0.0,0.0,42.346445,-0.05,-0.124525,0.024525,
1,4,Change in the proportion of caries-free participants (primary teeth),Studies conducted after 1975,SUBGROUP_AND_OVERALL,Goodwin 2022,2022,0.0,0.0,-0.14,0.59,0,654,-0.11,0.68,0,873,0.0,0.0,57.653555,-0.03,-0.09387,0.03387,
1,5,Change in the proportion of caries-free participants (permanent teeth),Studies conducted in 1975 or earlier,SUBGROUP_AND_OVERALL,Adriasola 1959,1956,0.0,0.0,0.0,0.192,0,356,-0.03,0.219,0,204,0.0,0.0,26.406877,0.03,-0.006068,0.066068,
1,5,Change in the proportion of caries-free participants (permanent teeth),Studies conducted in 1975 or earlier,SUBGROUP_AND_OVERALL,Beal 1981,1975,0.0,0.0,-0.11,0.686,0,369,-0.05,0.489,0,367,0.0,0.0,21.285079,-0.06,-0.146035,0.026035,
1,5,Change in the proportion of caries-free participants (permanent teeth),Studies conducted in 1975 or earlier,SUBGROUP_AND_OVERALL,DHSS England 1969,1967,0.0,0.0,-0.16,0.469,0,939,-0.07,0.422,0,761,0.0,0.0,25.898316,-0.09,-0.132412,-0.047588,
1,5,Change in the proportion of caries-free participants (permanent teeth),Studies conducted in 1975 or earlier,SUBGROUP_AND_OVERALL,DHSS Wales 1969,1965,0.0,0.0,-0.08,0.655,0,1833,0.05,0.38,0,1390,0.0,0.0,26.409728,-0.13,-0.16603,-0.09397,
1,5,Change in the proportion of caries-free participants (permanent teeth),Studies conducted after 1975,SUBGROUP_AND_OVERALL,Blinkhorn 2015,2015,0.0,0.0,-0.08,0.68,0,710,-0.05,0.65,0,446,0.0,0.0,25.82413,-0.03,-0.108364,0.048364,
1,5,Change in the proportion of caries-free participants (permanent teeth),Studies conducted after 1975,SUBGROUP_AND_OVERALL,Goodwin 2022,2022,0.0,0.02359110649690458,-0.81,0.43,0,570,-0.78,0.38,0,622,0.0,5.565403057482936E-4,74.17587,-0.03,-0.076238,0.016238,
1,6,"Sensitivity analysis - all included studies: change in the number of decayed, missing or filled primary teeth (dmft)",Studies conducted in 1975 or earlier,SUBGROUP_AND_OVERALL,Adriasola 1959,1956,0.0,0.0,2.5,7.04,0,263,0.3,6.72,0,157,0.0,0.0,4.443568,2.2,0.847653,3.552347,
1,6,"Sensitivity analysis - all included studies: change in the number of decayed, missing or filled primary teeth (dmft)",Studies conducted in 1975 or earlier,SUBGROUP_AND_OVERALL,Arnold 1956,1951,0.0,0.0,2.75,4.99,0,4931,1.18,5.8,0,1437,0.0,0.0,18.775623,1.57,1.239355,1.900645,
1,6,"Sensitivity analysis - all included studies: change in the number of decayed, missing or filled primary teeth (dmft)",Studies conducted in 1975 or earlier,SUBGROUP_AND_OVERALL,Beal 1971,1970,0.0,0.0,2.46,5.8,0,182,-0.12,6.27,0,223,0.0,0.0,5.52705,2.58,1.402184,3.757816,
1,6,"Sensitivity analysis - all included studies: change in the number of decayed, missing or filled primary teeth (dmft)",Studies conducted in 1975 or earlier,SUBGROUP_AND_OVERALL,Beal 1981,1975,0.0,0.0,2.02,4.18,0,361,0.57,4.6,0,367,0.0,0.0,12.042381,1.45,0.811711,2.088289,
1,6,"Sensitivity analysis - all included studies: change in the number of decayed, missing or filled primary teeth (dmft)",Studies conducted in 1975 or earlier,SUBGROUP_AND_OVERALL,DHSS England 1969,1967,0.0,0.0,3.09,4.3,0,654,1.04,4.22,0,557,0.0,0.0,15.276844,2.05,1.568933,2.531067,
1,6,"Sensitivity analysis - all included studies: change in the number of decayed, missing or filled primary teeth (dmft)",Studies conducted in 1975 or earlier,SUBGROUP_AND_OVERALL,DHSS Scotland 1969,1969,0.0,0.0,3.49,4.92,0,258,0.59,5.64,0,223,0.0,0.0,7.513835,2.9,1.946911,3.853089,
1,6,"Sensitivity analysis - all included studies: change in the number of decayed, missing or filled primary teeth (dmft)",Studies conducted in 1975 or earlier,SUBGROUP_AND_OVERALL,DHSS Wales 1969,1965,0.0,0.0,2.87,4.68,0,1910,0.64,5.54,0,959,0.0,0.0,16.942983,2.23,1.821353,2.638647,
1,6,"Sensitivity analysis - all included studies: change in the number of decayed, missing or filled primary teeth (dmft)",Studies conducted in 1975 or earlier,SUBGROUP_AND_OVERALL,Kunzel 1997,1971,0.0,0.0,1.65,4.05,0,3726,0.13,5.0,0,1312,0.0,0.0,19.477716,1.52,1.219818,1.820182,
1,6,"Sensitivity analysis - all included studies: change in the number of decayed, missing or filled primary teeth (dmft)",Studies conducted after 1975,SUBGROUP_AND_OVERALL,Blinkhorn 2015,2015,0.0,0.0,1.3,3.49,0,813,0.88,3.77,0,568,0.0,0.0,33.187796,0.42,0.027986,0.812014,
1,6,"Sensitivity analysis - all included studies: change in the number of decayed, missing or filled primary teeth (dmft)",Studies conducted after 1975,SUBGROUP_AND_OVERALL,Goodwin 2022,2022,0.0,0.0,0.57,2.61,0,654,0.44,3.17,0,873,0.0,0.0,33.482647,0.13,-0.160226,0.420226,
1,6,"Sensitivity analysis - all included studies: change in the number of decayed, missing or filled primary teeth (dmft)",Studies conducted after 1975,SUBGROUP_AND_OVERALL,Guo 1984,1984,0.0,0.0,0.23,5.39,0,2018,-2.47,5.35,0,1696,0.0,0.0,33.329557,2.7,2.353397,3.046603,Guo 1984 commenced in 1971; possibility of fluoridated toothpaste being introduced during study period
1,7,"Sensitivity analysis - all included studies: change in the number of decayed, missing or filled permanent teeth (DMFT)",Studies conducted in 1975 or earlier,SUBGROUP_AND_OVERALL,Arnold 1956,1951,0.0,0.0,0.9,3.2,0,10647,0.15,3.51,0,2824,0.0,0.0,17.245704,0.75,0.606984,0.893016,
1,7,"Sensitivity analysis - all included studies: change in the number of decayed, missing or filled permanent teeth (DMFT)",Studies conducted in 1975 or earlier,SUBGROUP_AND_OVERALL,Beal 1981,1975,0.0,0.0,0.82,2.5,0,369,0.2,2.644,0,367,0.0,0.0,16.280798,0.62,0.248195,0.991805,
1,7,"Sensitivity analysis - all included studies: change in the number of decayed, missing or filled permanent teeth (DMFT)",Studies conducted in 1975 or earlier,SUBGROUP_AND_OVERALL,Brown 1965,1959,0.0,0.0,3.03,3.31,0,1097,0.52,4.18,0,1032,0.0,0.0,16.554732,2.51,2.188435,2.831565,
1,7,"Sensitivity analysis - all included studies: change in the number of decayed, missing or filled permanent teeth (DMFT)",Studies conducted in 1975 or earlier,SUBGROUP_AND_OVERALL,DHSS England 1969,1967,0.0,0.0,1.62,3.92,0,939,0.65,4.39,0,725,0.0,0.0,16.076593,0.97,0.563824,1.376176,
1,7,"Sensitivity analysis - all included studies: change in the number of decayed, missing or filled permanent teeth (DMFT)",Studies conducted in 1975 or earlier,SUBGROUP_AND_OVERALL,DHSS Wales 1969,1965,0.0,0.0,0.66,3.72,0,1833,-0.73,4.95,0,1390,0.0,0.0,16.608373,1.39,1.079006,1.700994,
1,7,"Sensitivity analysis - all included studies: change in the number of decayed, missing or filled permanent teeth (DMFT)",Studies conducted in 1975 or earlier,SUBGROUP_AND_OVERALL,Kunzel 1997,1971,0.0,0.0,1.02,2.94,0,6690,-0.85,3.26,0,2421,0.0,0.0,17.2338,1.87,1.722263,2.017737,
1,7,"Sensitivity analysis - all included studies: change in the number of decayed, missing or filled permanent teeth (DMFT)",Studies conducted after 1975,SUBGROUP_AND_OVERALL,Blinkhorn 2015,2015,0.0,0.0,0.14,1.5,0,710,0.27,1.94,0,446,0.0,0.0,19.551127,-0.13,-0.341164,0.081164,
1,7,"Sensitivity analysis - all included studies: change in the number of decayed, missing or filled permanent teeth (DMFT)",Studies conducted after 1975,SUBGROUP_AND_OVERALL,Goodwin 2022,2022,0.0,0.0,-0.32,0.77,0,570,-0.4,0.9,0,622,0.0,0.0,20.047358,0.08,-0.01486,0.17486,
1,7,"Sensitivity analysis - all included studies: change in the number of decayed, missing or filled permanent teeth (DMFT)",Studies conducted after 1975,SUBGROUP_AND_OVERALL,Guo 1984,1984,0.0,0.0,-0.11,1.69,0,3190,-1.14,2.59,0,4194,0.0,0.0,20.038994,1.03,0.932104,1.127896,Guo 1984 commenced in 1971; possibility of fluoridated toothpaste being introduced during study period
1,7,"Sensitivity analysis - all included studies: change in the number of decayed, missing or filled permanent teeth (DMFT)",Studies conducted after 1975,SUBGROUP_AND_OVERALL,Hardwick 1982,1978,0.0,0.0,-3.76,2.86,0,144,-4.85,3.39,0,199,0.0,0.0,15.333883,1.09,0.42664,1.75336,Hardwick 1982 commenced in 1974; possibility of fluoridated toothpaste being introduced during study period
1,7,"Sensitivity analysis - all included studies: change in the number of decayed, missing or filled permanent teeth (DMFT)",Studies conducted after 1975,SUBGROUP_AND_OVERALL,Kim 2019,2019,0.0,0.0,1.0,2.5,0,504,0.81,2.5,0,2162,0.0,0.0,19.360573,0.19,-0.052368,0.432368,
1,7,"Sensitivity analysis - all included studies: change in the number of decayed, missing or filled permanent teeth (DMFT)",Studies conducted after 1975,SUBGROUP_AND_OVERALL,Tessier 1987,1986,0.0,0.0,5.12,6.16,0,76,2.83,6.18,0,89,0.0,0.0,5.668065,2.29,0.401493,4.178507,
1,8,Sensitivity analysis - all included studies: change in the proportion of caries-free participants (primary teeth),Studies conducted in 1975 or earlier,SUBGROUP_AND_OVERALL,Adriasola 1959,1956,0.0,0.0,-0.16,1.155,0,633,-0.04,0.425,0,356,0.0,0.0,2.979686,-0.12,-0.220224,-0.019776,
1,8,Sensitivity analysis - all included studies: change in the proportion of caries-free participants (primary teeth),Studies conducted in 1975 or earlier,SUBGROUP_AND_OVERALL,Ast 1951,1951,0.0,0.0,-0.27,0.64,0,246,-0.05,0.61,0,292,0.0,0.0,2.650715,-0.22,-0.326261,-0.113739,
1,8,Sensitivity analysis - all included studies: change in the proportion of caries-free participants (primary teeth),Studies conducted in 1975 or earlier,SUBGROUP_AND_OVERALL,Beal 1971,1970,0.0,0.0,-0.23,0.63,0,306,-0.08,0.533,0,223,0.0,0.0,3.030491,-0.15,-0.24938,-0.05062,
1,8,Sensitivity analysis - all included studies: change in the proportion of caries-free participants (primary teeth),Studies conducted in 1975 or earlier,SUBGROUP_AND_OVERALL,Beal 1981,1975,0.0,0.0,-0.17,0.581,0,361,-0.06,0.517,0,367,0.0,0.0,4.684074,-0.11,-0.189936,-0.030064,
1,8,Sensitivity analysis - all included studies: change in the proportion of caries-free participants (primary teeth),Studies conducted in 1975 or earlier,SUBGROUP_AND_OVERALL,DHSS England 1969,1967,0.0,0.0,-0.3,0.652,0,654,-0.14,0.481,0,557,0.0,0.0,7.313282,-0.16,-0.223973,-0.096027,
1,8,Sensitivity analysis - all included studies: change in the proportion of caries-free participants (primary teeth),Studies conducted in 1975 or earlier,SUBGROUP_AND_OVERALL,DHSS Scotland 1969,1969,0.0,0.0,-0.19,0.615,0,258,0.02,0.571,0,223,0.0,0.0,2.660945,-0.21,-0.316057,-0.103943,
1,8,Sensitivity analysis - all included studies: change in the proportion of caries-free participants (primary teeth),Studies conducted in 1975 or earlier,SUBGROUP_AND_OVERALL,DHSS Wales 1969,1965,0.0,0.0,-0.22,0.669,0,1910,-0.03,0.474,0,959,0.0,0.0,16.626727,-0.19,-0.232428,-0.147572,
1,8,Sensitivity analysis - all included studies: change in the proportion of caries-free participants (primary teeth),Studies conducted in 1975 or earlier,SUBGROUP_AND_OVERALL,Kunzel 1997,1971,0.0,0.0,-0.2,0.311,0,3726,-0.03,0.369,0,1312,0.0,0.0,60.054079,-0.17,-0.192325,-0.147675,
1,8,Sensitivity analysis - all included studies: change in the proportion of caries-free participants (primary teeth),Studies conducted after 1975,SUBGROUP_AND_OVERALL,Blinkhorn 2015,2015,0.0,0.0,-0.24,0.73,0,813,-0.19,0.67,0,568,0.0,0.0,23.427613,-0.05,-0.124525,0.024525,
1,8,Sensitivity analysis - all included studies: change in the proportion of caries-free participants (primary teeth),Studies conducted after 1975,SUBGROUP_AND_OVERALL,Goodwin 2022,2022,0.0,0.0,-0.14,0.59,0,654,-0.11,0.68,0,873,0.0,0.0,24.538066,-0.03,-0.09387,0.03387,
1,8,Sensitivity analysis - all included studies: change in the proportion of caries-free participants (primary teeth),Studies conducted after 1975,SUBGROUP_AND_OVERALL,Gray 2001,1997,0.0,0.0,-0.16,0.509,0,2493,0.09,0.644,0,443,0.0,0.0,24.604324,-0.25,-0.313211,-0.186789,
1,8,Sensitivity analysis - all included studies: change in the proportion of caries-free participants (primary teeth),Studies conducted after 1975,SUBGROUP_AND_OVERALL,Guo 1984,1984,0.0,0.0,-0.02,0.464,0,2068,0.05,0.42,0,1696,0.0,0.0,27.429997,-0.07,-0.098275,-0.041725,Guo 1984 commenced in 1971; possibility of fluoridated toothpaste being introduced during study period
1,9,Sensitivity analysis - all included studies: change in the proportion of caries-free participants (permanent teeth),Studies conducted after 1975,SUBGROUP_AND_OVERALL,Blinkhorn 2015,2015,0.0,0.0,-0.08,0.68,0,710,-0.05,0.65,0,446,0.0,0.0,32.534667,-0.03,-0.108364,0.048364,
1,9,Sensitivity analysis - all included studies: change in the proportion of caries-free participants (permanent teeth),Studies conducted after 1975,SUBGROUP_AND_OVERALL,Goodwin 2022,2022,0.0,0.02359110649690458,-0.81,0.43,0,570,-0.78,0.38,0,622,0.0,5.565403057482936E-4,33.554898,-0.03,-0.076238,0.016238,
1,9,Sensitivity analysis - all included studies: change in the proportion of caries-free participants (permanent teeth),Studies conducted after 1975,SUBGROUP_AND_OVERALL,Guo 1984,1984,0.0,0.0,0.06,0.617,0,3657,0.36,0.684,0,4497,0.0,0.0,33.910435,-0.3,-0.328276,-0.271724,Guo 1984 commenced in 1971; possibility of fluoridated toothpaste being introduced during study period
1,9,Sensitivity analysis - all included studies: change in the proportion of caries-free participants (permanent teeth),Studies conducted in 1975 or earlier,SUBGROUP_AND_OVERALL,Adriasola 1959,1956,0.0,0.0,0.0,0.192,0,356,-0.03,0.219,0,204,0.0,0.0,16.884271,0.03,-0.006068,0.066068,
1,9,Sensitivity analysis - all included studies: change in the proportion of caries-free participants (permanent teeth),Studies conducted in 1975 or earlier,SUBGROUP_AND_OVERALL,Beal 1981,1975,0.0,0.0,-0.11,0.686,0,369,-0.05,0.489,0,367,0.0,0.0,15.499658,-0.06,-0.146035,0.026035,
1,9,Sensitivity analysis - all included studies: change in the proportion of caries-free participants (permanent teeth),Studies conducted in 1975 or earlier,SUBGROUP_AND_OVERALL,Brown 1965,1959,0.0,0.0,-0.28,0.507,0,1097,-0.02,0.328,0,1032,0.0,0.0,16.884352,-0.26,-0.296064,-0.223936,
1,9,Sensitivity analysis - all included studies: change in the proportion of caries-free participants (permanent teeth),Studies conducted in 1975 or earlier,SUBGROUP_AND_OVERALL,DHSS England 1969,1967,0.0,0.0,-0.16,0.469,0,939,-0.07,0.422,0,761,0.0,0.0,16.762075,-0.09,-0.132412,-0.047588,
1,9,Sensitivity analysis - all included studies: change in the proportion of caries-free participants (permanent teeth),Studies conducted in 1975 or earlier,SUBGROUP_AND_OVERALL,DHSS Wales 1969,1965,0.0,0.0,-0.08,0.655,0,1833,0.05,0.38,0,1390,0.0,0.0,16.884948,-0.13,-0.16603,-0.09397,
1,9,Sensitivity analysis - all included studies: change in the proportion of caries-free participants (permanent teeth),Studies conducted in 1975 or earlier,SUBGROUP_AND_OVERALL,Kunzel 1997,1971,0.0,0.0,-0.22,0.417,0,6690,0.06,0.502,0,2421,0.0,0.0,17.084697,-0.28,-0.302354,-0.257646,
1,10,"Sensitivity analysis - change in analytical approach: change in the number of decayed, missing or filled primary teeth (dmft)",Studies conducted after 1975,SUBGROUP_AND_OVERALL,Blinkhorn 2015,2015,0.0,0.0,1.3,3.49,0,813,0.88,3.77,0,568,0.0,0.0,16.39888,0.42,0.027986,0.812014,
1,10,"Sensitivity analysis - change in analytical approach: change in the number of decayed, missing or filled primary teeth (dmft)",Studies conducted after 1975,SUBGROUP_AND_OVERALL,Goodwin 2022,2022,0.0,0.12571885480459546,-0.489,1.402,0,609,-0.737,1.964,0,835,0.0,0.015805230453378956,83.60112,0.248,0.074379,0.421621,
1,11,"Sensitivity analysis - excluding studies with imputed standard deviations: change in the number of decayed, missing or filled primary teeth (dmft)",Studies conducted in 1975 or earlier,SUBGROUP_AND_OVERALL,Adriasola 1959,1956,0.0,0.0,2.5,7.04,0,263,0.3,6.72,0,157,0.0,0.0,18.21851,2.2,0.847653,3.552347,
1,11,"Sensitivity analysis - excluding studies with imputed standard deviations: change in the number of decayed, missing or filled primary teeth (dmft)",Studies conducted in 1975 or earlier,SUBGROUP_AND_OVERALL,Beal 1981,1975,0.0,0.0,2.02,4.18,0,361,0.57,4.6,0,367,0.0,0.0,81.78149,1.45,0.811711,2.088289,
1,11,"Sensitivity analysis - excluding studies with imputed standard deviations: change in the number of decayed, missing or filled primary teeth (dmft)",Studies conducted after 1975,SUBGROUP_AND_OVERALL,Blinkhorn 2015,2015,0.0,0.0,1.3,3.49,0,813,0.88,3.77,0,568,0.0,0.0,39.252342,0.42,0.027986,0.812014,
1,11,"Sensitivity analysis - excluding studies with imputed standard deviations: change in the number of decayed, missing or filled primary teeth (dmft)",Studies conducted after 1975,SUBGROUP_AND_OVERALL,Goodwin 2022,2022,0.0,0.0,0.57,2.61,0,654,0.44,3.17,0,873,0.0,0.0,60.747658,0.13,-0.160226,0.420226,
1,12,"Sensitivity analysis - excluding studies with imputed standard deviations: change in the number of decayed, missing or filled permanent teeth (DMFT)",Studies conducted in 1975 or earlier,SUBGROUP_AND_OVERALL,Beal 1981,1975,0.0,0.18969975316844934,0.82,2.5,0,369,0.2,2.64,0,367,0.0,0.035985996352170604,100.0,0.62,0.248493,0.991507,
1,12,"Sensitivity analysis - excluding studies with imputed standard deviations: change in the number of decayed, missing or filled permanent teeth (DMFT)",Studies conducted after 1975,SUBGROUP_AND_OVERALL,Goodwin 2022,2022,0.0,0.0,-0.32,0.77,0,570,-0.4,0.9,0,622,0.0,0.0,55.499931,0.08,-0.01486,0.17486,
1,12,"Sensitivity analysis - excluding studies with imputed standard deviations: change in the number of decayed, missing or filled permanent teeth (DMFT)",Studies conducted after 1975,SUBGROUP_AND_OVERALL,Hardwick 1982,1978,0.0,0.0,-3.76,2.86,0,144,-4.85,3.39,0,199,0.0,0.0,44.500069,1.09,0.42664,1.75336,"Baseline examinations were completed by end of 1974, fluoridation started in 1975 with a  possibility of fluoridated toothpaste being introduced during the study period."
