Study,Domain (judgement): Sampling,Domain (support): Sampling,Domain (judgement): Confounding,Domain (support): Confounding,Domain (judgement): Blinding of outcome assessment (detection bias): All outcomes,Domain (support): Blinding of outcome assessment (detection bias): All outcomes,Domain (judgement): Incomplete outcome data (attrition bias): All outcomes,Domain (support): Incomplete outcome data (attrition bias): All outcomes,Domain (judgement): Selective reporting (reporting bias),Domain (support): Selective reporting (reporting bias),Domain (judgement): Other bias,Domain (support): Other bias
Acharya 2005,Unclear risk,<p>5 villages were selected out of a possible 90. There was insufficient detail reported in order to determine how selection took place</p>,High risk,<p>Did not account for use of other fluoride sources </p>,High risk,<p>Insufficient information</p>,Low risk,<p>Data presented for all participants</p>,Low risk,<p>Outcome of interest reported</p>,Low risk,<p>No other apparent bias</p>
Adair 1999,Unclear risk,<p>Participants were children attending the sole elementary and middle/high schools in Warren county. There was insufficient detail reported in order to determine how selection took place</p>,High risk,<p>SES was not accounted for</p>,High risk,<p>Insufficient information</p>,Low risk,<p>Data for over 80% of participants were reported</p>,High risk,"<p>Outcome of interest reported. However, data were not presented clearly enough to be considered reliable</p>",High risk,<p>Exposure to fluoride water could not be controlled for. Some children had fluoride water at school across groups. Some had non-fluoridated well-water at home</p>
Adriasola 1959,Not applicable,,Not applicable,,Not applicable,,Not applicable,,Not applicable,,Not applicable,
Al-Alousi 1975,Unclear risk,<p>Children were selected from schools in Leeds in a quasi-random way whereby every nth child (n = total children in school/20) from the register was selected. Eligible children in Anglesey were selected from schools randomly</p>,High risk,<p>Did not account for use of other fluoride sources or SES </p>,High risk,"<p>A clinical investigation and double-blinded photographic examination were conducted. However, the results reported are those of the unblinded clinical investigation</p>",Low risk,<p>Data presented for all participants</p>,Unclear risk,<p>Outcome of interest reported </p>,High risk,<p>Diagnoses had to be 'agreed' on by the 2 examiners and there was no mention of any sort of calibration of the examiners. This may have resulted in measurement bias</p>
Alarcon-Herrera 2001,Low risk,"<p>Through a polystage conglomerate random sampling, 380 families were selected and prorated into 77 to 80 families per concentration area zone. The division yielded a total of 1437 individuals from the 5 different areas</p>",High risk,<p>Did not account for use of other fluoride sources or SES </p>,High risk,<p>Insufficient information</p>,Low risk,<p>Data presented for all participants</p>,Low risk,<p>Outcome of interest reported</p>,Unclear risk,<p>No information examiner calibration with regard to detection of the outcome variable</p>
Albrecht 2004,Unclear risk,<p>There was insufficient detail reported in order to determine how selection took place</p>,High risk,<p>Did not account for use of other fluoride sources or SES </p>,High risk,<p>Insufficient information</p>,Low risk,<p>Data presented for all participants</p>,Low risk,<p>Outcome of interest reported</p>,Low risk,<p>No other apparent bias</p>
AlDosari 2010,Unclear risk,"<p>A list of zones was considered as the sampling frame for the schools, and municipalities were randomly chosen from each zone to represent the urban area. Additionally, rural areas in the municipality with ≥ 1 school were surveyed. However, there was insufficient detail reported in order to determine how selection of schools and children within those schools took place</p>",High risk,<p>Did not account for use of other fluoride sources </p>,High risk,<p>Insufficient information</p>,High risk,"<p>Over 95% of the subjects sampled were examined. However, it is not clear why fluorosis was not scored in permanent teeth of the 6- to 7-year-olds</p>",High risk,<p>The study authors did not report or justify not presenting fluorosis data for the age group 15 to 18 years</p>,Unclear risk,"<p>Clinical examination was carried out by 2 dentists, but no information on whether the examiners were calibrated with regard to detection of the outcome variable was given</p>"
Angelillo 1999,Low risk,"<p>Schools were selected at random, as were classes with the schools. All eligible children within the selected class were recruited to the study</p>",High risk,"<p>There was a reported imbalance between groups in the use of fluoride supplements, toothbrushing behaviour and in SES</p>",High risk,<p>Insufficient information</p>,Low risk,<p>Data for the majority of participants presented</p>,Low risk,<p>Outcome of interest reported</p>,Unclear risk,"<p>The 2 examiners involved had previously been trained and calibrated, but details not presented</p>"
Arif 2013,Unclear risk,<p>Only villages where the mean fluoride concentration was &gt; 1.0 ppm were selected. There was insufficient detail reported in order to determine how selection took place.</p>,High risk,<p>Did not account for use of other fluoride sources or SES </p>,High risk,<p>Insufficient information</p>,Unclear risk,<p>Insufficient information to determine whether data presented for all participants as study details were poorly reported</p>,Low risk,"<p>Outcome of interest not reported in paper, but made available by study authors via email</p>",High risk,<p>Fluoride concentration for the different villages overlapped making the data impossible to interpret</p>
Arnold 1956,Not applicable,,Not applicable,,Not applicable,,Not applicable,,Not applicable,,Not applicable,
Ast 1951,Not applicable,,Not applicable,,Not applicable,,Not applicable,,Not applicable,,Not applicable,
Awadia 2000,Low risk,"<p>Schools in all villages (except in Arusha Meru) as well as participants were randomly selected. For schools where participants were not randomly selected, including the school in Arusha Meru, all the registered schoolchildren were chosen to participate</p>",High risk,<p>There was a reported imbalance between groups in terms of SES and use of fluoride from other sources</p>,High risk,<p>Insufficient information</p>,Low risk,<p>Data presented for all participants</p>,High risk,"<p>Outcome of interest not fully reported, rather presented as a median score</p>",High risk,<p>Only 1 examiner was involved; no testing for intra-rater reliability with regard to detection of the outcome variable.</p>
Azcurra 1995,Low risk,"<p>Stratified random selection was used. Following stratification by age, gender and SES, 100 school children were randomly selected from each village</p>",High risk,"<p>Although SES was considered during sampling, it was not controlled for within the analysis. No details were reported on the use of fluoride from other sources</p>",High risk,"<p>Blinding not stated, however the two calibrated operators, as study authors, were likely to have knowledge of the study areas</p>",Low risk,<p>Data presented for all participants</p>,Low risk,<p>Outcome of interest was fully reported on and balanced across both groups</p>,Low risk,<p>No other apparent biases</p>
Backer-Dirks 1961,Not applicable,,Not applicable,,Not applicable,,Not applicable,,Not applicable,,Not applicable,
Bao 2007,Low risk,"<p>Quote: &quot;Representative samples were selected by multi-stage, stratified and random sampling&quot; &quot;For each site, 66 12-year-old boys and 66 12-year-old girls were randomly chosen&quot;.</p>",High risk,"<p>3 groups were from cities and 3 groups were from rural areas. The study authors did not record/report or adjust for other confounding factors (e.g. other fluoride sources, diet, residential history)</p>",High risk,<p>Insufficient information</p>,Unclear risk,"<p>The study authors did not report any information on loss of follow-up or exclusion of participants. Judging by the number of people they chose randomly (792), and the number of people (792) with results of caries examination, there was no loss of follow-up or exclusion of participants.</p>",High risk,"<p>Quote: ""Dean’s Index was used to classify fluorosis.""</p><p>Comment: data not presented in a format that allowed for further evaluation. The study authors did not report the number of affected people for each Dean's Index category. They did not report the prevalence fluorosis (number of affected people/number of people examined)</p>",Low risk,<p>No other apparent bias</p>
Baskaradoss 2008,Low risk,"<p>A stratified cluster sampling method was used to select the samples. 2 schools from each block were selected at random from a list of higher secondary schools. After examining an entire class, only the first 20 were taken until sample size was achieved.</p>",High risk,<p>Participants had different oral hygiene habits and there was no mention of duration of residency.</p>,High risk,<p>Insufficient information</p>,Low risk,<p>Outcome data for all participants reported</p>,High risk,<p>Data not in suitable format for analysis</p>,Unclear risk,<p>No mention of calibration</p>
Beal 1971,Not applicable,,Not applicable,,Not applicable,,Not applicable,,Not applicable,,Not applicable,
Beal 1981,Not applicable,,Not applicable,,Not applicable,,Not applicable,,Not applicable,,Not applicable,
Beltran-Aguilar 2002,Low risk,"<p>The sampling frame was specified, and the sample represented 41 percent of all 12- to 14-year-olds and &gt; 4 million schoolchildren. There is no evidence that any eligible children were excluded</p>",High risk,"<p>The use of other fluoride sources was similar in those who consumed water with optimal and natural fluoride, but very different from those in the suboptimal fluoride group. Did not account for SES</p>",High risk,<p>Insufficient information</p>,Unclear risk,<p>Children with missing outcome data were excluded. It is not clear whether there was an imbalance across groups in excluded children</p>,Low risk,<p>Outcome of interest reported</p>,High risk,"<p>There is an overlap in fluoride concentration between the exposure groups (0.7 to 1.2 ppm and 0.7 to 4.0 ppm) which is likely to dilute the observable effect of exposure to intervention across groups. It is unclear whether the examiners were calibrated as the paper provides insufficient information, and we were unable to access associated reports which may have contained examination protocols.</p>"
Berndt 2010,Unclear risk,<p>Children selected from Ombili Primary School and divided into groups according to place of birth and ethnicity</p>,High risk,<p>Imbalance in oral health behaviour and duration of residency between ethnic groups</p>,High risk,<p>Insufficient information</p>,Low risk,<p>All participants accounted for in analysis</p>,Low risk,<p>Outcome data fully reported</p>,Low risk,<p>No other apparent bias</p>
Birkeland 2005,Unclear risk,"<p>The schools were selected from an unspecified sampling frame and insufficient detail was reported to determine how selection of schools took place. However, children were selected at random from the schools.</p>",High risk,<p>No details were reported on the use of fluoride from other sources.</p>,High risk,<p>Insufficient information</p>,Low risk,<p>Data presented for all participants</p>,Low risk,<p>Outcome of interest reported</p>,High risk,"<p>There is inconsistency in the number of water samples tested (Triet el Biga = 6, Abu Delaig = 11, Abu Groon = 8) and an overlap in range of fluoride concentrations between the 3 study areas. Also, examinations were done by a dental assistant and it is not clear whether reliability testing was carried out.</p>"
Blinkhorn 2015,Not applicable,,Not applicable,,Not applicable,,Not applicable,,Not applicable,,Not applicable,
Booth 1991,Low risk,<p>Eligible children were identified from a list of all children in the health district and were randomly sampled from each population. The numbers required were based on a pilot study (no reference provided). No further details reported</p>,Low risk,<p>Fluoride from other sources was controlled for using inclusion/exclusion criteria and there was no significant difference in SES between the groups.</p>,High risk,<p>Insufficient information</p>,Low risk,<p>Data were presented for the majority of those recruited (attending appointments).</p>,Low risk,<p>All expected data reported</p>,Low risk,<p>No other apparent bias</p>
Brothwell 1999,Unclear risk,"<p>Children were selected via schools, however insufficient detail was reported regarding sampling.</p>",High risk,"<p>Bivariate analysis showed that fluoridated mouthwash use and professional fluoride treatments were significantly associated with fluorosis prevalence, however, the data were not reported/presented in a manner which demonstrated adjustment for imbalance at baseline occurred, or was measured well and controlled for.</p>",Low risk,"<p>Testing of water samples for fluoridation level was conducted after screening examination (at the University of Toronto); examinations conducted by a single dental hygienist (in school clinics). It does not appear that, despite the lack of any attempt to blind being reported, that blinding would have had any effect on reducing bias.</p>",High risk,<p>Significant missing data (e.g. 34 participants from the water sample)</p>,High risk,"<p>Comment: there is much that is either not reported in a sufficient manner to be able to glean the necessary information from (i.e. TSIF scores against fluoridation levels of water samples), or has significant missing data (e.g. 34 participants from the water sample) and so is difficult to draw the conclusions required for this review. No evidence of protocol in advance of obtaining data/undertaking analysis.</p>",Low risk,<p>Reporting dental fluorosis as TSIF score &gt; 1 rather than ≥ 1 puts the results at risk of misclassification bias.</p>
Brown 1965,Not applicable,,Not applicable,,Not applicable,,Not applicable,,Not applicable,,Not applicable,
Budipramana 2002,Low risk,"<p>The study authors reported that participants were chosen randomly from 1 selected primary school in each of the 10 villages. However, it is not clear why only 1 school was selected in each village and if the resulting sample was representative.</p>",High risk,<p>The use of other fluoride sources was not considered.</p>,High risk,<p>Not reported</p>,Low risk,<p>Outcome data for all participants were reported.</p>,Low risk,<p>All expected outcomes were reported.</p>,High risk,<p>No mention of examiner calibration</p>
Butler 1985,Low risk,<p>All eligible children were invited to participate.</p>,Unclear risk,"<p>While some confounders were measured well and some controlled for in the analysis, it is not clear whether the necessary adjustment was done to the data relevant to this review.</p>",High risk,<p>Insufficient information</p>,Low risk,<p>Data presented for all participants</p>,High risk,"<p>Comment: reporting balanced across all groups; however not all data presented in a form that can be interrogated. Despite collecting data on the CFI’s 6 categories of severity of mottling, only data for moderate mottling were presented independently of the overall CFI score for each group. Furthermore, identified confounders were not presented for each group, but for the portion of the study sample as a whole (despite being possible from authors having collected the data).</p>",High risk,"<p>Each child received a dental examination performed by one of the study authors, however, calibration was not mentioned</p>"
Chandrashekar 2004,Unclear risk,"<p>Villages satisfying eligibility criteria were selected randomly and children were accessed via schools. It is not clear, however, how the children within the schools were selected.</p>",High risk,<p>No details were reported on the use of fluoride from other sources.</p>,High risk,<p>Insufficient information</p>,Unclear risk,<p>The number of participants analysed was not reported.</p>,High risk,<p>Dean's fluorosis index was measured but not reported.</p>,Low risk,<p>No other apparent bias</p>
Chen 1989,Low risk,<p>All eligible participants were included in the study.</p>,High risk,<p>Did not account for use of other fluoride sources or SES </p>,High risk,<p>Insufficient information</p>,Unclear risk,"<p>5172 children recruited and examined, however, data presented for 5072 participants. Unclear if missing data balanced across groups</p>",Low risk,<p>Outcome of interest reported</p>,Unclear risk,"<p>Examiners were calibrated before actual assessments of caries and fluorosis were initiated, however, kappa values were not reported.</p>"
Chen 1993,Low risk,"<p>All eligible children were included in the study examined for dental fluorosis and for skeletal fluorosis, adults aged 16 to 65 years were randomly sampled to have roentgenograms taken in pelvis</p>",High risk,<p>Did not account for use of other fluoride sources </p>,High risk,<p>Insufficient information</p>,High risk,"<p>For both study areas, n = 800 (Anquan) and n = 1331 (Hubei), however, data not reported for all participants</p>",Low risk,<p>Outcome of interest reported</p>,High risk,"<p>No mention of examiner calibration. Also, quote: &quot;by investigation, it was found that the walls of the well for storing water at the bottom of river bed and water pipe were damaged, the hot spring water with high fluoride content gushed into the well and pipe. Because there was no regular monitoring on the water fluoride after changing water sources, it was unclear when the water fluoride content increased in Hubei&quot;.</p>"
Clark 1993,Low risk,"<p>Primary schools were stratified into low, medium and high SES categories from a specified sampling frame. Schools were then randomly selected and all eligible children within the selected schools were included in the studies.</p>",High risk,<p>Did not account for use of other fluoride sources </p>,High risk,<p>Insufficient information</p>,Low risk,<p>Data presented for all participants</p>,Low risk,<p>Outcome of interest reported</p>,High risk,<p>Kappa value of 0.44 suggests a moderate degree of inter-examiner agreement</p>
Clarkson 1989,Low risk,<p>Sampling was by stratified random selection of eligible children in the study areas. Stratification based on school size and gender</p>,High risk,<p>Did not account for the use of other fluoride sources</p>,High risk,"<p>To assess reproducibility, 46 children were examined twice without the examiner's knowledge, however, there is no indication of the examiner being blind to fluoridation status of participants</p>",Low risk,<p>Data presented for all participants</p>,Low risk,<p>Outcome of interest was fully reported and balanced across groups</p>,Low risk,<p>No other apparent bias</p>
Clarkson 1992,Low risk,<p>A stratified proportional random sampling procedure was used with size of school with fluoridation status and sex as stratifying factors.</p>,High risk,<p>Did not account for the use of other fluoride sources or SES </p>,High risk,<p>Insufficient information</p>,Unclear risk,<p>The number of participants recruited was not reported and there was a variation in the number of children examined for enamel defects and children interviewed on perception of defects. It is not clear whether data were presented for all recruited participants.</p>,High risk,<p>Data not in suitable format for analysis</p>,Low risk,<p>No other apparent bias</p>
Cochran 2004a,Unclear risk,"<p>The sampling frame was specified, but the eligibility criteria were not stated. It is not clear whether the number of children photographed as a percentage of the total population of children in the age group (12% to 23%) is representative</p>",High risk,<p>Data were collected on the use of fluoride from other sources but not reported</p>,Low risk,<p>Fluorosis was assessed using photographs and was done without reference to the area from which they were collected.</p>,Low risk,"<p>Quote: ""A total of 5250 transparencies was taken, of which 114 (2.2%) were not suitable for analysis""</p><p>Comment: unlikely to influence results</p>",Unclear risk,"<p>Outcome of interest fully reported, however data relating to confounding variables were collected but not reported</p>",Unclear risk,"<p>Reliability testing was carried out. The kappa statistic from all the study sites showed substantial to excellent agreement with the 'gold standard', except for one study site that showed moderate agreement (0.49; <a type=""REFERENCE"" href=""396493786068749562"">Cochran 2004b</a>). It is not clear what effect this moderate agreement would have on the results given that agreement at the other study sites was substantial to excellent.</p>"
Colquhoun 1984,Unclear risk,"<p>A population of 458 school children in the fluoridated area had initially been investigated, so the study author made further observations on school children of the same age in 6 additional dental clinics chosen at random. An additional 342 children of same age were examined from the non-fluoridated area, but how they were selected was not reported.</p>",High risk,"<p>Some children had used fluoride tablets, but were not excluded from the analysis. The fluoridated area had participants who were of low, middle and high SES while the non-fluoridated area had only participants of low SES.</p>",High risk,<p>Insufficient information</p>,Low risk,<p>Data presented for all participants</p>,High risk,<p>Data not in suitable format for analysis</p>,High risk,<p>Intra- and inter-examiner reliability not mentioned</p>
Correia Sampaio 1999,Low risk,<p>All eligible children attending schools in the study area were included.</p>,Unclear risk,"<p>It was reported that the areas of study were generally low SES. Data were collected on the use of fluoride toothpaste and brushing habits, but showed that those brushing their teeth less frequently had higher levels of fluorosis. It was also reported that the levels of fluorosis in the area had not changed since the introduction of fluoride toothpastes.</p>",High risk,<p>Insufficient information</p>,Low risk,<p>Data presented for all participants</p>,Low risk,<p>Outcome of interest was fully reported and balanced across groups</p>,Low risk,<p>No other apparent biases</p>
Cutress 1985,Unclear risk,<p>Schools in the fluoridated area were randomly selected. All schools in the control area were selected. No details were reported about how the children were selected for the study.</p>,High risk,<p>There was an imbalance in lifetime residents using fluoride tables in the fluoridated area compared to the non-fluoridated area. SES was not accounted for.</p>,Low risk,<p>Children were taken to the examination centre by bus to prevent the examiner from identifying residence or fluoridation status.</p>,Low risk,<p>Data presented for all participants</p>,Low risk,<p>Outcome of interest was fully reported on and balanced across groups</p>,Low risk,<p>No other apparent bias</p>
Cypriano 2003,Low risk,"<p>7 out of 48 counties were randomly selected by raffle, based on size and the presence or absence of fluoridated water. Children were then randomly selected from schools.</p>",High risk,<p>Did not account for the use of other fluoride sources or SES.</p>,High risk,<p>Insufficient information</p>,Low risk,<p>Data for all participants appear to be presented</p>,High risk,<p>Fluorosis data were not reported for children between 5 and 6 years and no explanations were provided</p>,Low risk,<p>No other apparent bias</p>
de Crousaz 1982,Unclear risk,"<p>The children were accessed via schools, however the sampling frame was unspecified.</p>",High risk,<p>Did not account for the use of other fluoride sources or SES.</p>,Low risk,<p>Examiners worked independently without knowledge of the origin of the children.</p>,High risk,<p>Data were not presented for all participants and missing outcome data varied greatly across study groups.</p>,High risk,<p>Data not in suitable format for analysis</p>,High risk,"<p>Examiners were calibrated and trained but kappa values for reliability not reported. The study authors assume that a combination of clinical and photographic examination are sufficient for the verification of intra-and inter-examiner reproducibility, so kappa values may not have been calculated.</p>"
DHSS England 1969,Low risk,<p>Representative groups of children of all ages included in the study were examined in each area and as far as possible the same standards of examination were maintained in the pairs of areas for which the dental findings were to be compared (HMSO 1962).</p>,High risk,<p>No details were reported on the use of fluoride from other sources or on the dietary habits of the children.</p>,High risk,<p>Insufficient information</p>,Low risk,<p>Data for all participants appear to have been presented.</p>,High risk,"<p>Enamel defects, white or stained, which might be confused with fluoride mottling were also noted but not presented in the report; SD not reported</p>",High risk,<p>No mention of calibration and reliability testing of the examiners</p>
DHSS Scotland 1969,Not applicable,,Not applicable,,Not applicable,,Not applicable,,Not applicable,,Not applicable,
DHSS Wales 1969,Not applicable,,Not applicable,,Not applicable,,Not applicable,,Not applicable,,Not applicable,
Downer 1994,Unclear risk,"<p>25% of the secondary schools in Glasgow and Dublin were randomly selected to participate, and participants were selected at random. Sampling in London was aimed at examining all 12-year-old children in secondary schools in 3 districts and 14 out of 19 schools. The reason for non-participation of 5 out of the 19 eligible schools in the non-fluoridated area was logistical and the study authors state that this was <i>“</i>unlikely to have caused sampling bias<i>”. </i></p><p>In Edinburgh, a random selection of 20% of children in 20 out of 50 eligible schools, drawn at random, formed the sample.</p>",High risk,<p>No details were reported on the use of fluoride from other sources.</p>,High risk,<p>Insufficient information</p>,Low risk,<p>Data presented for all participants</p>,High risk,<p>Data not in suitable format for analysis</p>,Low risk,<p>No other apparent bias</p>
Driscoll 1983,Unclear risk,<p>There was insufficient detail reported in order to determine how selection took place.</p>,High risk,<p>Did not account for the use of other fluoride sources or SES </p>,High risk,"<p>Different examiners carried out measurements in order to avoid bias, however, this may not have been sufficient to avoid detection bias.</p>",Low risk,"<p>All findings were based only on those children assessed for both fluorosis and caries; majority of the children fall under this category. Also, the higher-than-optimal study area had considerably fewer children compared to the other areas due to small size of the communities and other similar communities in same geographic area were not available. This was not considered sufficient to introduce bias</p>",High risk,<p>Data not in suitable format for analysis</p>,Low risk,<p>No other apparent bias</p>
Ekanayake 2002,Low risk,<p>6 schools were selected on the basis of being sufficiently large for study. All eligible children present on day of study were examined</p>,High risk,"<p>While it is stated in the paper that ""Less than 75% of the participants started teeth brushing with fluoride toothpaste from 9-12 months of age"", the use of other fluoride sources was not controlled for, neither was it reported by fluoridation status.</p>",High risk,<p>Insufficient information</p>,Unclear risk,"<p>6.25% of the children examined were not included in the analysis. The study authors did not report their fluoride exposure, and it is not clear whether their exclusion may have introduced bias.</p>",Low risk,<p>Outcome of interest reported</p>,Low risk,<p>No other apparent bias</p>
Eklund 1987,Low risk,<p>Efforts were made to recruit all eligible adults in all the communities and 80% to 90% of eligible people consented and participated.</p>,High risk,<p>No details were reported on the use of fluoride from other sources.</p>,Unclear risk,<p>Insufficient information</p>,Low risk,<p>Data presented for all participants</p>,Low risk,<p>Outcome of interest was fully reported on and balanced across groups.</p>,Low risk,<p>No other apparent bias</p>
Ellwood 1995,Unclear risk,<p>There was insufficient detail reported in order to determine how selection took place.</p>,Low risk,<p>SES and reported tooth brushing frequency were similar across groups.</p>,Low risk,"<p>Photographs were taken, identified randomly and examined without reference to participant details.</p>",Low risk,<p>Data presented for all participants</p>,Low risk,<p>Outcome of interest was fully reported on and balanced across groups.</p>,Low risk,<p>No other apparent bias</p>
Ellwood 1996,Unclear risk,"<p>3 schools from Anglesey were selected and for the control group, schools with catchment areas as similar as possible to those from Anglesey were chosen from Chester and Bala using national census statistics. There was no random selection of schools in Anglesey, and it is not clear whether the selected schools were a representative sample.</p>",High risk,<p>Did not account for the use of other fluoride sources or SES.</p>,Low risk,"<p>Photographs were taken, randomly mixed and scored without reference to participant details.</p>",Low risk,<p>Data presented for all participants</p>,Low risk,<p>Outcome of interest was fully reported on and balanced across groups.</p>,Low risk,<p>No other apparent bias</p>
Ermis 2003,Low risk,<p>4 schools were selected using a random sampling technique from a list of all public secondary schools. Within these schools eligible children were selected randomly.</p>,Unclear risk,"<p>Toothbrushing habits differed between participants, however it is not clear whether they varied across study groups.</p>",High risk,<p>Insufficient information</p>,Low risk,<p>Data presented for all participants</p>,High risk,"<p>Fluorosis prevalence was measured, but only reported for the high fluoride areas and not for the low fluoride area.</p>",Low risk,<p>No other apparent bias</p>
Firempong 2013,Unclear risk,"<p>Stated that eligible children were randomly selected, but insufficient detail provided to make a clear judgement</p>",High risk,"<p>While there appears to be little difference in the use of oral hygiene habits across groups, did not account for SES </p>",High risk,<p>Insufficient information</p>,Low risk,<p>Data presented for all participants</p>,Low risk,<p>Outcome of interest reported</p>,High risk,<p>Quote: &quot;A professional examiner was engaged to carry out all the testing measurements ...&quot;</p><p>Comment: intra-examiner reliability test not reported and may not have been conducted</p>
Forrest 1956,Unclear risk,"<p>Areas were selected opportunistically. Entire populations of children in some areas were selected for study, but insufficient detail is given on how they were accessed.</p>",High risk,<p>SES and the use of other fluoride sources was not sufficiently reported and controlled for.</p>,High risk,<p>Insufficient information</p>,High risk,"<p>Results are presented for the majority of participants. However, while the results are presented in full for 4 of the 5 areas the area of highest F ppm appears to have 10% of participants missing from results</p>",High risk,<p>Data not in suitable format for analysis</p>,High risk,<p>There is risk of measurement bias as examiner calibration was not mentioned</p>
Forrest 1965,Unclear risk,"<p>Schools were selected for study and then children within these schools, however it is not clear how the children were examined.</p>",High risk,<p>SES and the use of fluoride from other sources were not reported.</p>,Low risk,<p>The examiners were unaware of the children’s fluoridation status since they all resided in the same county.</p>,Low risk,<p>Data presented for all participants</p>,Low risk,<p>Outcome of interest was fully reported on and balanced across groups</p>,Low risk,<p>No other apparent bias</p>
Franzolin 2008,Low risk,<p>Multi-stage random sampling was used whereby schools were selected randomly and the children within them.</p>,High risk,<p>Did not account for the use of other fluoride sources or SES </p>,Low risk,<p>The examiner and recorder were reported to have been blinded to the type of water supply of the schools.</p>,Low risk,<p>Data presented for all participants</p>,High risk,<p>Data not in suitable format for analysis</p>,Unclear risk,"<p>Examinations carried out by a single, previously calibrated examiner, however, kappa score not reported</p>"
Garcia-Perez 2013,Unclear risk,<p>There was insufficient detail reported in order to determine how selection took place.</p>,Low risk,"<p>Both villages were of low SES, participants were lifetime residents and there was no difference in toothbrushing frequency or bottled water consumption.</p>",Unclear risk,<p>Insufficient information</p>,Unclear risk,<p>Data presented as percentages making it difficult to determine if all participants are accounted for</p>,High risk,<p>Fluorosis prevalence was not reported for all severities of dental fluorosis.</p>,Low risk,<p>No other apparent bias</p>
Gaspar 1995,Unclear risk,<p>Unable to make a judgement as study was unavailable</p>,High risk,<p>Did not appear to account for the use of other fluoride sources or SES in analysis</p>,Unclear risk,<p>Unable to make a judgement as study was unavailable</p>,Unclear risk,<p>Unable to make a judgement as study was unavailable</p>,Unclear risk,<p>Unable to make a judgement as study was unavailable</p>,Unclear risk,<p>Unable to make a judgement as study was unavailable</p>
Goodwin 2022,Not applicable,,Not applicable,,Not applicable,,Not applicable,,Not applicable,,Not applicable,
Goward 1982,Unclear risk,<p>There was insufficient detail reported in order to determine how selection took place.</p>,High risk,<p>Did not account for SES </p>,High risk,<p>Insufficient information</p>,Low risk,<p>Data presented for all participants</p>,Low risk,<p>Outcome of interest reported</p>,High risk,<p>No information on calibration of examiners</p>
Gray 2001,Not applicable,,Not applicable,,Not applicable,,Not applicable,,Not applicable,,Not applicable,
Grimaldo 1995,Unclear risk,<p>The study authors reported that schools and participants from the study areas were selected at random. No further details reported</p>,High risk,<p>Did not account for the use of other fluoride sources or SES </p>,High risk,<p>Insufficient information</p>,High risk,<p>There was a variation in the number of children reported to have been examined for dental fluorosis compared to the number of children initially reported to be receiving different water fluoride levels.</p>,Low risk,<p>Outcome of interest was fully reported on and balanced across groups</p>,High risk,<p>No indication that the examiners were calibrated</p>
Grobler 1986,Unclear risk,<p>All available participants were included in the study population. Insufficient information was reported on the sampling frame.</p>,Low risk,<p>SES was similar across groups and there was virtually no dental care or fluoride therapy in the population at the time.</p>,High risk,<p>Insufficient information. Examinations were made at the children's schools but no mention of blind assessment</p>,Low risk,<p>Data presented for all participants</p>,Low risk,<p>All expected outcomes reported</p>,High risk,<p>Examinations were done by a single examiner but no mention of intra-examiner calibration</p>
Grobler 2001,Low risk,<p>All available children in the specified study areas were examined</p>,Low risk,<p>SES was similar across groups and there was virtually no exposure to fluoride from other sources</p>,High risk,<p>Insufficient information</p>,Low risk,<p>Data presented for all participants</p>,Low risk,<p>Outcome of interest reported</p>,Low risk,<p>No other apparent bias</p>
Guo 1984,Not applicable,,Not applicable,,Not applicable,,Not applicable,,Not applicable,,Not applicable,
Haavikko 1974,Unclear risk,<p>Eligible children were selected at random from the health records. No further details regarding the sampling frame were reported</p>,High risk,<p>SES and the use of fluoride from other sources were not reported.</p>,High risk,<p>Insufficient information</p>,Low risk,<p>Data presented for all participants</p>,Low risk,<p>Outcome of interest was fully reported on and balanced across groups</p>,High risk,<p>Both dentists carried out the diagnosis of enamel defects but there was no mention of examiner calibration.</p>
Harding 2005,Low risk,"<p>A stratified sample for 5-year-olds was drawn from study areas on the basis of age, location, school attended and fluoridation status. Schools were chosen to provide a socioeconomic spread</p>",Low risk,<p>SES range (by school) was sampled. There were similar levels of toothpaste use across the groups.</p>,High risk,<p>Insufficient information</p>,Low risk,"<p>Of the 311 participants examined, outcome data were not presented for 17 participants due to partial fluoride history; unlikely to influence the results</p>",High risk,<p>Data not in suitable format for analysis</p>,High risk,<p>Clinical examination was carried out by one examiner trained extensively by a gold standard examiner but no report of calibration nor intra-examiner reliability tests</p>
Hardwick 1982,Not applicable,,Not applicable,,Not applicable,,Not applicable,,Not applicable,,Not applicable,
Heifetz 1988,Unclear risk,<p>There was insufficient detail reported in order to determine how selection took place.</p>,High risk,"<p>Participants consumed food and drinks produced in fluoride areas, however, it is not clear whether there was a difference in consumption among different areas. Insufficient detail is provided regarding use of fluoride from other sources.</p>",High risk,<p>Insufficient information</p>,Low risk,<p>Data presented for all participants</p>,High risk,<p>Data not in suitable format for analysis</p>,Low risk,<p>No other apparent bias</p>
Heintze 1998,Low risk,"<p>Participants were accessed via health centres, schools and factories and all eligible participants were included in the study.</p>",High risk,"<p>Study areas were matched for SES. Information was collected on the use of fluoride paste and mouth rinse, however this was not reported according to exposure of water fluoridation.</p>",High risk,<p>Insufficient information</p>,Unclear risk,<p>Data presented as percentages making it difficult to determine if all participants are accounted for.</p>,Low risk,<p>Outcome of interest reported</p>,Unclear risk,"<p>Dental fluorosis was recorded by a trained and calibrated examiner, however, details of intra-examiner reliability not provided</p>"
Heller 1997,Low risk,"<p>Stratified sampling was carried out, and oral examination was conducted for 78% of all sampled students.</p>",High risk,<p>Results were not adjusted for SES and the use of fluoride from other sources.</p>,High risk,<p>Insufficient information</p>,Low risk,<p>Data presented for all participants</p>,Low risk,<p>Outcome of interest was fully reported on and balanced across groups</p>,Low risk,<p>No other apparent bias</p>
Hernandez-Montoya 2003,Low risk,<p>Random sampling was performed and considered the total population exposed to fluoridated water at each study area.</p>,High risk,<p>Did not account for SES </p>,High risk,<p>Insufficient information</p>,Unclear risk,<p>Some participants were excluded from the analysis but no reason was provided.</p>,Low risk,<p>Outcome of interest reported</p>,Unclear risk,<p>Outcome was assessed by a working group previously trained and calibrated. Insufficient information on reliability testing</p>
Holdcroft 1999,Not applicable,,Not applicable,,Not applicable,,Not applicable,,Not applicable,,Not applicable,
Hong 1990,Unclear risk,<p>The participating sample consisted of children from 6 to 15 years in the study areas. No other information was provided on sample selection.</p>,High risk,<p>Did not account for the use of other fluoride sources </p>,High risk,<p>Insufficient information</p>,Low risk,<p>Data presented for all participants</p>,Low risk,<p>Outcome of interest was fully reported on and balanced across groups</p>,Low risk,<p>No other apparent bias</p>
Ibrahim 1995,Unclear risk,<p>Insufficient information was reported on sampling; the sampling frame was unspecified.</p>,High risk,<p>Did not account for the use of fluoride from other sources</p>,High risk,<p>Insufficient information</p>,Low risk,<p>Data presented for all participants</p>,Low risk,<p>Outcome of interest reported</p>,High risk,<p>No mention of calibration of examiners and reliability testing</p>
Indermitte 2007,Unclear risk,<p>Areas of study were sampled purposively and limited information was reported on the selection of individuals.</p>,High risk,<p>Did not account for the use of fluoride from other sources </p>,High risk,<p>Insufficient information</p>,Low risk,<p>Data presented for all participants</p>,Low risk,<p>Outcome of interest reported</p>,High risk,"<p>Examination carried out by a trained examiner with an assistant, but no mention of calibration and reliability testing</p>"
Indermitte 2009,Unclear risk,"<p>Sampling was partly based on data from 2 previous studies, which provide insufficient sampling information, while the subsample was selected from town of Tartu, where the fluoride content in drinking water varied significantly between regions.</p>",High risk,<p>Did not account for the use of fluoride from other sources or SES </p>,High risk,<p>Insufficient information</p>,Low risk,<p>Data presented for all participants</p>,Low risk,<p>Outcome of interest reported</p>,High risk,<p>Clinical examination by a 'trained' dentist. Insufficient information on intra-examiner reliability testing</p>
Ismail 1990,Low risk,"<p>A 2-stage stratified sample was selected from each city. In the first stage, private and public schools were randomly selected. In the second stage, students were randomly selected from the private and public schools separately.</p>",High risk,<p>There was an imbalance of the use of fluoride supplements between groups with more supplements being consumed by those living in the non-fluoridated area</p>,Low risk,"<p>Quote: ""Examiners were blind to the content of questionnaire"" and by implication, fluoridation status of participants.</p>",Low risk,<p>Data appear to be presented for all participants.</p>,Low risk,<p>All expected outcomes reported</p>,Low risk,<p>No other apparent bias</p>
Jackson 1975,Unclear risk,"<p>Stated that children were randomly sampled, however information on sampling was insufficient</p>",High risk,"<p>Children who had received fluoride tablets were excluded, however SES was not taken into account.</p>",Low risk,<p>Participants were taken to a central examination centre by taxi and examiners were unaware of the area from which a child came.</p>,Unclear risk,<p>Data presented for approximately 30% of participants sampled from each study area (Anglesey 28%; Bangor 32%)</p>,Low risk,<p>All expected outcomes were reported.</p>,High risk,"<p>Even though the examiners carried out their investigations independently, no sort of calibration seemed to have been carried out.</p>"
Jackson 1999,Unclear risk,<p>There was insufficient detail reported in order to determine how selection took place.</p>,High risk,"<p>Information on the use of other fluoride sources was collected, however, the results were not adjusted for this factor. Did not account for SES </p>",Low risk,<p>The examiner was unaware of the residency status of the participants.</p>,Low risk,<p>Data presented for all participants</p>,Low risk,<p>Outcome of interest reported</p>,Low risk,<p>No other apparent bias</p>
Jolly 1971,Unclear risk,<p>There was insufficient detail reported in order to determine how selection took place.</p>,High risk,<p>Did not account for the use of fluoride from other sources or SES</p>,High risk,<p>Insufficient information</p>,Unclear risk,"<p>Number of participants examined was not reported, and the outcome was reported as a proportion</p>",High risk,<p>The outcome of interest was reported as a proportion; and without absolute numbers or the number of participants examined (n) it is unclear what the proportion represents. Data not in suitable format for analysis</p>,High risk,<p>No mention of examiner calibration</p>
Kanagaratnam 2009,Low risk,<p>The number of schools and students from each school were probabilistically sampled to reflect the overall decile and school size distribution representative of Auckland schools yet produce a sample that was balanced between fluoridated and non-fluoridated regions.</p>,Unclear risk,"<p>While the sample included participants from a range of SES, the numbers in these groups were not equal. There were significantly fewer children in high-decile schools in non-fluoridated areas and fewer children in low-decile schools in fluoridated areas</p>",High risk,<p>Insufficient information</p>,Low risk,<p>Data appear to be presented for all participants.</p>,Low risk,<p>All expected outcomes reported</p>,Low risk,<p>No other apparent bias</p>
Kim 2019,Not applicable,,Not applicable,,Not applicable,,Not applicable,,Not applicable,,Not applicable,
Kotecha 2012,Low risk,<p>11 out of 261 villages with high fluoride content in the drinking water and 11 out of 1490 villages with normal fluoride drinking water were randomly selected for water sampling.</p>,High risk,<p>Did not account for the use of fluoride from other sources or SES </p>,High risk,<p>Insufficient information</p>,High risk,<p>Data for 75% of population of the study areas presented and attrition was not balanced across groups </p>,Low risk,<p>All expected outcomes were reported</p>,High risk,"<p>Measurement done by trained tutors and assistant professors, however, it is not clear whether the personnel measuring the outcome were calibrated</p>"
Kumar 1999,Unclear risk,<p>Insufficient detail reported in order to determine how selection took place.</p>,Unclear risk,"<p>While the study authors reported that SES was considered, this information was not reported.</p>",High risk,<p>Insufficient information</p>,Low risk,<p>Data presented for all participants</p>,High risk,<p>Data not in suitable format for analysis</p>,High risk,"<p>There were large methodological differences between the before-and after-study in questionnaire design and examiner, and the examiners were not reported to have been calibrated.</p>"
Kumar 2007,Low risk,<p>A stratified random sampling procedure was adopted for selection of water sources and villages</p>,High risk,<p>Did not account for the use of fluoride from other sources or SES </p>,High risk,<p>Insufficient information</p>,Low risk,<p>Data presented for all participants</p>,Low risk,<p>Outcome of interested reported</p>,High risk,<p>Examiner calibration was not mentioned.</p>
Kunzel 1976,Unclear risk,<p>There was insufficient detail reported in order to determine how selection took place.</p>,High risk,<p>Did not account for the use of fluoride from other sources or SES </p>,Low risk,<p>Quote: &quot;The dental examinations were carried out while the fluoride content of the water consumed was unknown&quot;</p>,Low risk,<p>Data presented for all participants</p>,Low risk,<p>All expected outcomes reported</p>,Low risk,<p>No other apparent biases</p>
Kunzel 1997,Not applicable,,Not applicable,,Not applicable,,Not applicable,,Not applicable,,Not applicable,
Leverett 1986,Unclear risk,<p>There was insufficient detail reported in order to determine how selection of children within schools took place.</p>,High risk,<p>Did not account for the use of fluoride from other sources or SES</p>,High risk,<p>Insufficient information</p>,Low risk,<p>Data presented for all participants</p>,Low risk,<p>Outcome of interest reported</p>,High risk,<p>The examiners do not seem to have been calibrated</p>
Levine 1989,Unclear risk,<p>There was insufficient detail reported in order to determine how selection took place.</p>,Low risk,<p>Children using fluoride supplements were excluded and sampling ensured that groups were comparable in terms of SES.</p>,Low risk,"<p>Photographic examination was blinded.</p><p>Quote: ""The colour transparencies were coded and placed in a random sequence before being projected and viewed""</p>",Low risk,<p>Attrition was balanced across groups as results for 18 (2.9%) and 12 (2.4%) children from the non-F and F area respectively were not available for photographic assessment.</p>,Unclear risk,<p>There was selective reporting on the central incisor and the reason was not stated.</p>,Low risk,<p>No other apparent bias</p>
Lin 1991,Low risk,<p>Used random stratified sampling</p>,High risk,<p>Did not account for the use of fluoride from other sources </p>,High risk,<p>Insufficient information</p>,Unclear risk,<p>It is unclear whether data presented for all participants assessed for dental fluorosis.</p>,Low risk,<p>Outcome of interest reported</p>,High risk,<p>The examiners do not seem to have been calibrated</p>
Loh 1996,Not applicable,,Not applicable,,Not applicable,,Not applicable,,Not applicable,,Not applicable,
Louw 2002,Unclear risk,<p>Insufficient detail reported in order to determine how selection took place.</p>,Low risk,"<p>SES was reported as comparable and the participants were not in receipt of dental care, fluoride supplements or toothpaste.</p>",High risk,<p>Insufficient information</p>,Low risk,<p>Data presented for all (99%) participants</p>,Low risk,<p>Expected outcome reported</p>,Low risk,<p>No other apparent bias</p>
Machiulskiene 2009,Low risk,<p>All eligible secondary schools and students within them were invited to participate.</p>,High risk,<p>Did not account for the use of fluoride from other sources </p>,High risk,"<p>Insufficient information. The measurement and recording of outcomes were by different personnel, but they were not reported to have been blinded.</p>",Low risk,<p>Data presented for all participants</p>,Low risk,<p>All expected outcome reported</p>,Low risk,<p>No other apparent bias</p>
Mackay 2005,Low risk,<p>A random sample of 600 Year 5 children enroled with the Southland District Health Board’s school dental service was invited to participate in the study</p>,High risk,"<p>A statistical model used showed that hypoplastic defects were influenced by ingestion of toothpaste before 4 years of age, but the results were not adjusted for this factor</p>",High risk,<p>Insufficient information</p>,Unclear risk,<p>436 (74.5%) of the 600 children invited to the study were examined</p>,Low risk,<p>All expected outcomes reported</p>,Low risk,<p>No other apparent bias</p>
Macpherson 2007,Low risk,<p>Cluster random sample of parents of eligible children aged 7 to 10 years from the same birth cohort</p>,High risk,"<p>Use of fluoride toothpaste and frequency of brushing was similar across groups, however, current use of fluoride supplements as well as past use was significantly higher in the control group. This information is used to provide adjusted odds ratios however, for the purposes of this review only the raw data have been used which remains subject to confounding factors.</p>",Low risk,<p>Assessors were blind to the source area of each slide.</p>,Low risk,<p>Data presented for all participants</p>,Unclear risk,<p>Photographic assessment as well as TF Index of dental fluorosis were measured but only photographic assessment reported</p>,Low risk,<p>No other apparent bias</p>
Mandinic 2009,Unclear risk,<p>Insufficient detail reported in order to determine how selection took place - sampling frame was unspecified</p>,High risk,<p>Fluoride exposure and consumption were measured but not reported. Did not account for SES </p>,High risk,<p>Insufficient information</p>,Low risk,<p>Data presented for all participants</p>,Low risk,<p>Expected outcome reported</p>,Low risk,<p>No other apparent bias</p>
Mandinic 2010,Unclear risk,<p>Insufficient information on sampling</p>,High risk,<p>The use of other fluoride sources and SES were not considered</p>,High risk,<p>Insufficient information</p>,Low risk,<p>Outcome data for all participants was reported</p>,High risk,<p>Data not in suitable format for analysis</p>,Low risk,<p>No other bias apparent</p>
Marya 2010,Unclear risk,<p>Insufficient detail reported in order to determine how selection took place</p>,Unclear risk,"<p>Environmental factors such as eating habits, nutritional status, consumption of water, and living conditions were almost uniform in all 7 groups studied, however, it was unclear whether this extended to exposure to fluoride from other sources.</p>",High risk,<p>Insufficient information</p>,Low risk,<p>Data presented for all participants</p>,Low risk,<p>Expected outcome reported</p>,Low risk,<p>No other apparent bias</p>
Masztalerz 1990,Unclear risk,"<p>The study authors report that all eligible children were to be studied however, the sampling frame was not specified.</p>",High risk,<p>Did not account for SES or the use of fluoride from other sources (except from air pollution though this is unclear)</p>,High risk,"<p>Insufficient information. No details on blinding were reported, no standard index for measurement of fluorosis appears to have been used</p>",Low risk,<p>Data presented for 88% of participants</p>,Low risk,<p>Data appear present</p>,Low risk,<p>No other bias detected</p>
Maupome 2001,Not applicable,,Not applicable,,Not applicable,,Not applicable,,Not applicable,,Not applicable,
Mazzotti 1939,Unclear risk,<p>There was insufficient detail reported in order to determine how selection took place.</p>,High risk,<p>No details were reported on SES or fluoride from other sources.</p>,High risk,<p>Insufficient information</p>,Unclear risk,<p>Insufficient information to determine whether there was attrition</p>,High risk,<p>Data not in suitable format for analysis</p>,Unclear risk,<p>Overall reporting on any information too poor to permit thorough assessment of any risk of bias</p>
McGrady 2012,High risk,<p>The study was based on a convenience sample population with varying exposures to fluoride.</p>,High risk,<p>The data on fluoride from other sources were not presented in a usable format and outcome data were not adjusted for it. Did not account for SES</p>,Low risk,<p>The examiners were blinded to the probable fluoride exposure and the images were presented for examination in a randomised order.</p>,High risk,<p>Data for 148 (21%) examined participants not analysed</p>,Low risk,<p>Outcome of interest reported</p>,Low risk,<p>No other bias apparent</p>
McInnes 1982,Unclear risk,<p>Insufficient detail reported in order to determine how selection took place</p>,High risk,<p>Malnutrition and SES were reported to be similar across groups but no supporting data provided<br/>Did not report any details about other sources of fluoride </p>,High risk,<p>Did not undertake blinding </p>,Low risk,<p>Data appear to be presented for all participants</p>,Low risk,<p>All expected data appeared to be present</p>,Low risk,<p>No other apparent bias </p>
Mella 1992,High risk,<p>All children were selected from 2 boarding schools. Insufficient detail reported in order to determine how sampling took place</p>,High risk,<p>Did not account for the use of fluoride from other sources </p>,High risk,<p>Insufficient information</p>,Low risk,<p>Data presented for all participants</p>,Unclear risk,"<p>Unclear why only very mild, mild and moderate severities of dental fluorosis reported for both groups</p>",Low risk,<p>No other apparent bias</p>
Mella 1994,Unclear risk,"<p>Insufficient detail reported in order to determine how selection took place. 4 schools from a list of schools benefiting from school feeding programmes were selected from each city, however it was not reported how these were chosen or how the children within the schools were chosen.</p>",High risk,<p>Did not account for the use of fluoride from other sources </p>,High risk,<p>Insufficient information</p>,Low risk,<p>Data presented for all participants</p>,Low risk,<p>Outcome of interest reported</p>,Low risk,<p>No other apparent bias</p>
Meyer-Lueckel 2006,Low risk,"<p>2 schools (one boys' and one girls') were randomly selected from 2 of the 3 study areas, and in the third study area the only school (co-education) was selected, and all participants were then examined</p>",High risk,"<p>2 study areas varied in social class, while there was no information on SES for the third study area; in addition the use of other fluoride sources was not considered</p>",High risk,<p>Not reported</p>,Unclear risk,<p>Fluorosis outcome data were reported in bar charts making it difficult to assess whether there were incomplete outcome data or not.</p>,High risk,"<p>Though outcome of interest was reported, fluorosis outcome was not reported for the Youssefabad area</p>",Unclear risk,"<p>The single examiner involved in the study was calibrated, and though the reliability of caries recording was assessed, it was not done for fluorosis outcome</p>"
Milsom 1990,Low risk,<p>The study included all eligible children who lived in the non-fluoridated area and those in the fluoridated area were selected by a 2-stage random sampling technique.</p>,Low risk,<p>There was no difference in SES across groups and children with exposure to fluoride supplements were excluded.</p>,Low risk,"<p>Participants were taken to the examination centre by bus, examiner was unaware of the schools in attendance and fluoridation status</p>",Low risk,<p>Data appear to be presented for all participants</p>,Low risk,<p>Outcome of interest appears present</p>,Unclear risk,<p>Data were collected on age of commencement of tooth brushing but not reported</p>
Mondal 2012,High risk,<p>&quot;The recruitment of respondents was performed at seven primary schools in the study area with pupils in the age range of 4–10 years and the rest of the age group samples were collected from the respective villages&quot;. There was no indication that random sampling was carried out</p>,High risk,"<p>Participants were lifetime residents, however, SES and the use of other fluoride sources were not considered</p>",High risk,<p>Insufficient information</p>,Low risk,<p>Outcome data for all participants reported</p>,Low risk,<p>Outcome of interest fully reported</p>,Unclear risk,"<p>Examination was done by a 'competent dentist', however, there was no mention of calibration</p>"
Montero 2007,Low risk,<p>Random sampling was used</p>,High risk,<p>Did not account for the use of fluoride from other sources or SES </p>,High risk,<p>Insufficient information</p>,Low risk,<p>Data appear to be presented for all participants</p>,Low risk,<p>All expected outcomes presented</p>,Low risk,<p>No other apparent bias</p>
Nanda 1974,Unclear risk,<p>Insufficient detail reported in order to determine how selection took place</p>,High risk,<p>Did not account for SES </p>,High risk,<p>Blinding was not undertaken</p>,Unclear risk,<p>Unclear due to poor reporting of participant numbers and data</p>,High risk,<p>Poor reporting of outcome data</p>,High risk,<p>No other bias detected</p>
Narbutaite 2007,Unclear risk,"<p>8 out of 23 ordinary secondary schools in Klaipeda (the high-F area) and 8 out of 30 in Kaunas (the low-F area), were selected to cover the regions. However, it is not clear how these schools were selected</p>",High risk,<p>No details were reported on the use of fluoride from other sources</p>,High risk,<p>Insufficient information</p>,Low risk,<p>Data presented for all participants</p>,Low risk,<p>All expected outcomes were reported</p>,High risk,"<p>All examinations were carried out by 1 examiner who was a specialist with additional training in dental fluorosis diagnosis but no mention of reliability testing; water was taken from 3 sampling sites in the high-F area and 1 in the low-F area, no explanation was provided for the inconsistency.</p>"
Narwaria 2013,Low risk,"<p>10 villages were selected for study using the eligibility criteria. Within these villages, all government schools were included and children were randomly selected from each class</p>",High risk,<p>Did not account for the use of fluoride from other sources or SES </p>,High risk,<p>Insufficient information</p>,Low risk,<p>Data presented for all participants</p>,Low risk,<p>Outcome of interested reported</p>,High risk,<p>Examination was performed by 2 trained dentists. No mention of calibration or of reliability testing</p>
Nunn 1992,Unclear risk,<p>There was insufficient detail reported in order to determine how selection took place.</p>,High risk,<p>Did not account for the use of fluoride from other sources. Balance of SES between groups was unclear</p>,Low risk,<p>Photographs of the maxillary central incisors of participants were cut out from the print and identified with a code which would prevent identification by the examiners.</p>,High risk,"<p>In England, data for 68% of examined participants were reported due to camera failure in a school of SES.</p>",Low risk,<p>Expected outcome appeared to be present</p>,Low risk,<p>No other apparent bias</p>
Nunn 1994a,Unclear risk,<p>Schools were selected by the district dental officer in order to achieve a target of about 150 eligible 12-year-old children in each subgroup. Insufficient information provided regarding how the children were selected within the schools</p>,High risk,<p>Higher reported use of toothpaste in the higher SES groups</p>,Low risk,<p>The examiner was largely unaware of fluoride and socioeconomic status of the children</p>,Low risk,"<p>Participants sampled were &lt; 80% in the study areas and not balanced across groups, however, data presented for all recruited participants</p>",Low risk,<p>Expected outcome was presented</p>,Low risk,<p>No other apparent bias</p>
Nunn 1994b,Unclear risk,<p>Schools were selected by the district dental officer in order to achieve a target of about 150 eligible 12-year-old children in each subgroup. Insufficient information provided regarding how the children within the schools were selected</p>,High risk,<p>Imbalance of SES between groups; 2 of the 3 study areas recruited only children of low SES and one area recruited both low- and high-SES children.</p>,High risk,<p>The examiner was aware of the fluoride and socioeconomic status of the children.</p>,Low risk,"<p>Participants sampled were &lt; 80% in the study areas and not balanced across groups, however, data presented for all recruited participants</p>",Low risk,<p>Expected outcome was presented</p>,Low risk,<p>No other apparent bias</p>
Ockerse 1941,High risk,<p>Areas thought to be most affected by caries and mottling were selected and visited. Selection of 'at risk' population is likely to have introduced bias</p>,High risk,<p>Did not account for the use of fluoride from other sources or SES </p>,High risk,<p>Insufficient information</p>,Low risk,<p>Data presented for all participants</p>,High risk,<p>Caries data reporting may have been a post-hoc decision</p>,High risk,<p>Data were collected on age of commencement of tooth brushing but not reported. There was no mention of examiner training or calibration.</p>
Pontigo-Loyola 2008,Low risk,<p>All eligible participants were included in the study.</p>,High risk,<p>Did not account for the use of fluoride from other sources or SES </p>,High risk,<p>Insufficient information</p>,Unclear risk,<p>Only 66.6% of the included participants were in the final study population. The reason for withdrawal was not reported.</p>,Low risk,<p>Outcome of interest reported</p>,Low risk,<p>No other apparent bias</p>
Pot 1974,Not applicable,,Not applicable,,Not applicable,,Not applicable,,Not applicable,,Not applicable,
Ray 1982,Low risk,<p>All eligible participants were included in the study.</p>,High risk,<p>Did not report on the use of fluoride from other sources</p>,High risk,<p>Insufficient information</p>,Unclear risk,<p>Number of participants recruited not stated</p>,Low risk,<p>Outcome of interest reported</p>,High risk,<p>No mention of how examination was conducted or whether the examiner was calibrated</p>
Riordan 1991,Low risk,<p>Random selection of 14 Dental Therapy Centres; selection of 1 class/centre of children born in 1978</p>,High risk,<p>Insufficient information to determine whether use of other fluoride sources was balanced across groups</p>,High risk,<p>Blind outcome assessment (with regard to residency) was not undertaken</p>,Low risk,<p>7/376 and 3/338 not available for evaluation; unlikely to influence results</p>,Low risk,<p>All relevant outcome data reported</p>,Low risk,<p>No other apparent bias</p>
Riordan 2002,Low risk,<p>The sampling frame was made up of children registered with the School dental service and children were accessed via schools. All eligible children were invited to take part in the study</p>,High risk,<p>Information on other sources of fluoride was collected and more children in the non-fluoridated area took fluoride supplements. SES was not stated.</p>,High risk,<p>Insufficient information</p>,Low risk,<p>Data presented for all participants</p>,Low risk,<p>Outcome of interest reported</p>,Low risk,<p>No other apparent bias</p>
Ruan 2005,Unclear risk,"<p>13 schools were contacted, and all children were invited to participate. The sampling frame for schools was not specified.</p>",High risk,"<p>Even though fluoride supplement and fluoride supply by dental service were taken into account, the use of fluoride toothpaste (a common source) was not mentioned. It is not clear why it was not acknowledged or investigated.</p>",Low risk,"<p>The fluoride concentration of the local drinking-water supplies was unknown to the examiner at the time of the clinical examinations, which took place with the students seated on ordinary chairs outside the school building.</p>",Low risk,<p>Data presented for all participants</p>,High risk,<p>Partial reporting of outcome - only reported prevalence of fluorosis with TF score ≥ 3 (fluorosis of aesthetic concern)</p>,Low risk,<p>No other apparent bias</p>
Rugg-Gunn 1997,Low risk,"<p>Quote: ""All schools were grouped according to SES of the residential area in the urban community only and schools sampled randomly""</p>",High risk,<p>Schools were grouped according to the SES of residential areas however it is not clear whether the study areas were balanced in this regard. No detail was reported on the use of fluoride from other sources.</p>,Unclear risk,<p>Insufficient information</p>,Low risk,<p>Data appear to have been presented for all participants.</p>,High risk,<p>Data not in suitable format for analysis</p>,High risk,<p>No other apparent bias</p>
Russell 1951,Low risk,"<p>Samples came from official registries in the areas (school, electoral, marriage etc). Authors estimate 5/6ths of eligible people participated</p>",Unclear risk,"<p>Considering the age of the study, other sources of fluoride are unlikely to affect the results. Although no measure of SES was provided, populations are reported as homogeneous.</p>",High risk,<p>Blinding was not undertaken</p>,Low risk,<p>Data for all participants appeared to be present</p>,High risk,<p>Only data on fluorosis of aesthetic concern reported as opposed to all severities</p>,High risk,"<p>All examinations were made by the senior study author, however, there was no mention of examiner calibration</p>"
Rwenyonyi 1998,Unclear risk,<p>Children were selected from schools for study in a quasi-random way</p>,High risk,"<p>While SES and use of fluoride toothpaste were reported as being similar across groups, there appeared to be a higher intake of tea (and therefore fluoride from water) among the participants in Kasese (0.5 ppm) than Kisoro (2.5 ppm).</p>",High risk,<p>Insufficient information</p>,Low risk,<p>Data appear to have been presented for all participants.</p>,Unclear risk,<p>Outcome of interest was reported mainly in graphic form and was unclear.</p>,Low risk,<p>Examinations were carried out by a single examiner. Intra-rater reliability was tested (kappa &gt; 0.8).</p>
Rwenyonyi 1999,Unclear risk,<p>Quasi-random stratified sample of all eligible children</p>,High risk,"<p>SES was broadly similar, however, multivariate analysis revealed that factors that were not accounted for were associated with fluorosis. These included: daily intake of water (amount), altitude, water storage, vegetarianism and infant formula use.</p>",Low risk,<p>Examiners were blind to fluoride concentrations at the start of the study and tests were carried out on the water after the children’s teeth were examined.</p>,Low risk,<p>Data appear to be presented for all participants.</p>,Low risk,<p>All data appear to have been reported.</p>,Low risk,<p>No other bias was detected</p>
Saravanan 2008,Low risk,<p>All eligible children were invited to participate.</p>,High risk,<p>No details were reported on the use of fluoride from other sources.</p>,High risk,<p>Insufficient information</p>,Low risk,"<p>Around 1.1% of the school children were eventually excluded because of absenteeism. It is not clear which fluoride areas they belonged to, however, these participants are unlikely to have been systematically different from those who completed the study.</p>",Low risk,<p>Outcome of interest reported</p>,Unclear risk,"<p>High school children were not included as only 85% of the children of high school age group (11 to 16 years) in the study area were attending schools; examiners were calibrated and intra-and inter-examiner reliability assessed, however, Kappa scores not reported</p>"
Scheinin 1964,Low risk,<p>All eligible children were invited to participate.</p>,High risk,<p>Did not account for the use of fluoride from other sources or SES </p>,Low risk,"<p>Quote: &quot;The dental examinations were carried out as a blind study, the examiners having no information of the preliminary fluoride determinations&quot;</p>",Low risk,<p>Data presented for all participants</p>,High risk,<p>Data not in suitable format for analysis</p>,High risk,<p>No mention of examiner calibration</p>
Segreto 1984,Low risk,<p>16 study sites that had a central well as main water supply and sufficient school population were selected.</p>,High risk,<p>Did not account for the use of fluoride from other sources or SES </p>,High risk,<p>Insufficient information</p>,Low risk,<p>Data presented for all participants</p>,High risk,<p>Data not in suitable format for analysis</p>,High risk,<p>No mention of examiner calibration</p>
Sellman 1957,Unclear risk,<p>There was insufficient detail reported in order to determine how selection took place.</p>,High risk,"<p>All children received yearly systematic treatment by the School Dental Service, however, it is not clear whether the use of other fluoride sources was balanced across groups.</p>",High risk,<p>Insufficient information</p>,Low risk,<p>Data appear to be presented for all participants.</p>,Low risk,<p>All expected outcomes reported</p>,High risk,<p>No mention of examiner calibration and reliability testing</p>
Selwitz 1995,Unclear risk,"<p>There was insufficient detail reported in order to determine how selection took place. Reference was made to a previous study (<a type=""STUDY"" href=""396493778135185383"">Leverett 1986</a>), for further information on sampling; however, this study also reported insufficient information on sampling.</p>",High risk,<p>Did not account for the use of fluoride from other sources or SES </p>,High risk,<p>Insufficient information</p>,Unclear risk,<p>Data presented for all participants</p>,High risk,<p>Data not in suitable format for analysis</p>,Low risk,<p>No other apparent bias</p>
Selwitz 1998,Unclear risk,<p>There was insufficient detail reported in order to determine how selection took place.</p>,High risk,"<p>Did not account for SES, and there was a difference between groups in the use of fluoride supplements</p>",High risk,<p>Insufficient information</p>,Low risk,<p>Data presented for all participants</p>,High risk,<p>Data not in suitable format for analysis</p>,Low risk,<p>No other apparent bias</p>
Shanthi 2014,Low risk,<p>Quote: &quot;A stratified random sampling technique was used&quot;</p>,Unclear risk,<p>Insufficient information on characteristics of the groups compared</p>,High risk,<p>Blinding not specified</p>,Unclear risk,<p>Number of children in each stratum not specified; unclear whether all those sampled were evaluated</p>,High risk,<p>Fluorosis data not presented by strata</p>,Low risk,<p>No other apparent bias</p>
Shekar 2012,Low risk,<p>Schools were selected for study using simple random sampling. All children within those schools were invited to participate.</p>,High risk,"<p>SES was broadly similar across groups as was the use of fluoride toothpaste, however, no details were reported regarding use of fluoride supplements.</p>",High risk,<p>Insufficient information</p>,Low risk,<p>Data presented for all participants</p>,Low risk,<p>Outcome of interest reported</p>,Low risk,<p>No other apparent bias</p>
Skinner 2013,Low risk,<p>Quote: &quot;random sample&quot;</p>,Low risk,<p>Quote: &quot;initial weights were adjusted to ensure the distribution of the sample reflected the regional population distribution of 14-15-year-olds in NSW&quot;</p>,High risk,<p>Insufficient information</p>,High risk,<p>Participation rate low (23%). Did not account for all participants in analysis</p>,Unclear risk,<p>Observed enamel fluorosis/defects were recorded for both the central incisors; not all data reported </p>,Unclear risk,<p>No other apparent bias</p>
Skotowski 1995,High risk,<p>The study population was a convenience sample of children receiving treatment at the clinic.</p>,High risk,"<p>Did not account for SES. When analysed for effect of duration of residence and use of other fluoride sources, the results were found to have been influenced by duration of exposure and toothpaste usage in 8 years, however the results were not adjusted for these factors.</p>",Low risk,<p>Quote: &quot;The examiner had no previous knowledge of subjects’ dental fluorosis status or fluoride exposures&quot;</p>,Low risk,<p>Data presented for all participants</p>,High risk,<p>Fluorosis prevalence was not reported according to fluoridation status or fluoride concentration</p>,High risk,"<p>The examiner was not calibrated. Quote: &quot;Because of the burden that replicated examination would cause for the children and their parents, formal reliability assessments were not conducted&quot;</p>"
Spadaro 1955,Unclear risk,<p>Unable to make a judgement as study was unavailable</p>,High risk,<p>Did not account for the use of fluoride from other sources or SES</p>,Unclear risk,<p>Unable to make a judgement as study was unavailable</p>,Unclear risk,<p>Unable to make a judgement as study was unavailable</p>,Unclear risk,<p>Unable to make a judgement as study was unavailable</p>,Unclear risk,<p>Unable to make a judgement as study was unavailable</p>
Stephen 2002,Unclear risk,"<p>There was insufficient detail reported in order to determine how selection took place, however it was reported that about one-fifth (21.9%) of the eligible participants were not examined because of non-consent (9.4%) and unavailability for examination (12.6%).</p>",Unclear risk,"<p>Matched by SES, details on the use of fluoride sources show that fluorosis prevalence was not influenced by the use of other fluoride sources. Similar use of fluoride supplements across groups<br />The age at which brushing with fluoridated paste began did not appear to affect the prevalence of fluorosis, however information on brushing history was only available for the parents who were able to recall</p>",Low risk,<p>Participants were examined without knowledge of their fluoridation status. Slides were viewed blind and scored randomly under standardised projection conditions by the assessors with a 10% random reviewing for inter and intra-observer agreement calculations.</p>,Low risk,<p>Data presented for all participants</p>,Low risk,<p>Only lifetime residents between 8 and 12 years were assessed for fluorosis and data for all of them presented</p>,Unclear risk,"<p>The study involved children between the age of 5 to 6 years and 8 to 12 years, but the investigators only conducted fluorosis assessments on 8- to 12-year-olds. Therefore, the data have been extracted for only children for whom fluorosis assessment was conducted.</p>"
Sudhir 2009,Low risk,"<p>Used a stratified random sampling technique. The entire geographical area of Nalgonda district was divided into 4 strata based on different levels of naturally occurring fluoride in drinking water supply. So in each stratum, or for each level, several villages were involved. Sample size was divided equally among all the 4 strata, and representation from both sexes was included in the sampling.</p>",High risk,<p>Data were collected on aids used for oral hygiene maintenance (fluoridated or non-fluoridated) but not reported.</p>,High risk,<p>Insufficient information</p>,Unclear risk,<p>Data presented for all participants</p>,High risk,<p>Data not in suitable format for analysis</p>,Low risk,<p>No other apparent bias</p>
Szpunar 1988,Unclear risk,<p>Classroom teachers distributed and collected permission slips.</p>,High risk,<p>Did not appear to account for the use of fluoride from other sources or SES</p>,High risk,<p>Insufficient information</p>,Unclear risk,<p>Data collected for 1103 participants but only lifetime resident data (n = 556) presented</p>,Low risk,<p>Relevant fluorosis outcome data</p>,Low risk,<p>No other apparent risk of bias</p>
Tabari 2000,Unclear risk,"<p>In Newcastle and Northumberland, 14 and 15 schools respectively were chosen. However, there was insufficient information on how the selection was done.</p>",High risk,<p>There was a significant difference in measure of deprivation between the 2 study areas.</p>,Low risk,<p>Assessment was by the use of photographs in order to allow examination of teeth of children without the examiner being aware of which area the child was from.</p>,Unclear risk,"<p>In the 2 groups, 78% and 79% of the eligible children had complete data. It was not clear whether those whose photographs were unacceptable (examined but not analysed) were systematically different from those who remained in the study.</p>",Low risk,<p>Outcome of interested reported</p>,Low risk,<p>No other apparent bias</p>
Tessier 1987,Not applicable,,Not applicable,,Not applicable,,Not applicable,,Not applicable,,Not applicable,
Tsutsui 2000,Low risk,<p>All eligible children were invited to participate.</p>,High risk,<p>Did not account for SES </p>,Low risk,<p>The examiners had no knowledge of the concentration of fluoride in the drinking water where they carried out the examinations.</p>,High risk,"<p>Out of the 1967 children who were examined, data for 907 (46.1%) were not presented.</p>",Low risk,<p>Outcome of interest reported</p>,Low risk,<p>No other apparent bias</p>
Venkateswarlu 1952,Unclear risk,"<p>Children aged 3 to 14 years belonging to the study areas were examined; as far as possible, at least 100 children per village. It was not clear how exactly these children were selected.</p>",High risk,<p>Did not account for the use of fluoride from other sources or SES </p>,High risk,<p>Insufficient information</p>,High risk,<p>12 Indian villages were involved in the study; data from 1 village (Malkapuram) with 102 participants not presented</p>,High risk,<p>Data not in suitable format for analysis</p>,High risk,<p>Calibration of examiners not mentioned</p>
Vignarajah 1993,Low risk,"<p>A stratified random technique using random number tables was used to select schools and children. Quote: &quot;All the schools were first listed and then divided into two groups, urban and rural…&quot;</p>",High risk,<p>Did not account for SES </p>,High risk,<p>Insufficient information</p>,Unclear risk,<p>Number of participants recruited not stated</p>,Low risk,<p>Outcome of interest presented</p>,Low risk,<p>No other apparent bias</p>
Vilasrao 2014,Unclear risk,<p>Quote: &quot;door-to-door survey .... randomly selected&quot;</p>,High risk,<p>Did not account for potential confounding factors</p>,High risk,<p>Insufficient information</p>,Unclear risk,<p>Insufficient information</p>,High risk,<p>Number of participants by district not reported</p>,Unclear risk,<p>No other apparent bias</p>
Villa 1998,Low risk,<p>Selection of schools for each community was made at random from the complete list of private schools and publicly supported elementary schools. All eligible children were invited to participate.</p>,High risk,<p>Did not account for the use of fluoride from other sources </p>,High risk,<p>Insufficient information</p>,Low risk,<p>Data presented for all participants</p>,Low risk,<p>Data not in suitable format for analysis</p>,High risk,<p>There may have been misclassification bias as fluorosis prevalence was reported without taking 'questionable' fluorosis prevalence into account.</p>
Vuhahula 2009,Unclear risk,<p>Regions were randomly chosen and then schools within them. Children were quota sampled from these schools.</p>,High risk,<p>Did not account for the use of fluoride from other sources or SES </p>,High risk,<p>Insufficient information</p>,Low risk,<p>Data presented for all participants</p>,High risk,<p>Data not in suitable format for analysis</p>,Low risk,<p>No other apparent bias</p>
Wang 1993,Unclear risk,<p>Children aged 8 to 15 years living in the vicinity of the water sources were included. Insufficient sampling information</p>,High risk,"<p>Did not account for the use of fluoride from other sources, residential history not clearly stated</p>",High risk,<p>Not reported</p>,Low risk,<p>Data for all participants reported</p>,Low risk,<p>Outcome of interest presented</p>,Unclear risk,<p>Unable to identify information pertaining to the training/reliability of outcome assessors </p>
Wang 1999,Unclear risk,<p>Households in the villages of study were arbitrarily chosen so that 25% were included in the study.</p>,High risk,<p>Did not account for the use of fluoride from other sources</p>,High risk,<p>Insufficient information</p>,Low risk,<p>Data presented for all participants</p>,Low risk,<p>Outcome of interest presented</p>,High risk,<p>There was no mention of examiner calibration</p>
Wang 2012,Low risk,"<p>Villages were selected at random, and in the selected villages, all eligible children were invited to participate.</p>",High risk,<p>Did not account for the use of fluoride from other sources or SES </p>,High risk,<p>Insufficient information</p>,Low risk,<p>Data presented for all participants</p>,Unclear risk,<p>Outcome of interest reported</p>,High risk,<p>No mention of examiner calibration</p>
Warnakulasuriya 1992,Low risk,<p>All eligible children in each school were invited to participate.</p>,Unclear risk,"<p>The study authors considered that fluoride supplements or paste were not widely used among the study population and that SES was broadly similar across groups, however no supporting information was provided.</p>",High risk,<p>Insufficient information</p>,Low risk,<p>Data presented for all participants</p>,Low risk,<p>Outcome of interest presented</p>,Low risk,<p>No other apparent bias</p>
Warren 2001,Unclear risk,"<p>Children included in the present study were part of the Iowa Fluoride Study cohort, which had been followed prospectively since birth. Full details were not reported.</p>",High risk,<p>Did not account for SES </p>,High risk,<p>Insufficient information</p>,Unclear risk,<p>Outcome data available for 559 out of the 637 (87.8%) participants due to lack of information on water fluoride concentration</p>,Low risk,<p>Outcome of interest reported</p>,Low risk,<p>No other apparent bias</p>
Wenzel 1982,Unclear risk,<p>Insufficient detail reported in order to determine how selection took place.</p>,High risk,<p>Did not account for SES </p>,High risk,<p>Insufficient information</p>,Low risk,<p>Data for all participants presented</p>,Low risk,<p>Outcome of interest presented</p>,High risk,<p>No information on examiner calibration</p>
Whelton 2004,Low risk,"<p>National survey using a cluster sampling technique with schools as the clustering unit and children in Junior Infants, Second Class, Sixth Class and Junior Certificate were selected.</p>",High risk,<p>SES accounted for in caries analysis; did not account for the use of fluoride from other sources or the dietary habits of the children.</p>,Low risk,<p>Fluoride codes ascribed after examinations; unlikely to be systematic bias</p>,Unclear risk,<p>Outcome data presented as a percentage; unclear if accounted for all participants </p>,Unclear risk,<p>Fluorosis outcomes presented as percentages; unclear if accounted for all participants </p>,Low risk,<p>No other apparent bias</p>
Whelton 2006,Low risk,"<p>National survey using a cluster sampling technique with schools as the clustering unit and children in Junior Infants, Second Class, Sixth Class and Junior Certificate in RoI and Primary 1, Primary 4, Year 1 and Year 4 in NI</p>",High risk,<p>SES accounted for in caries analysis; did not account for the use of fluoride from other sources or the dietary habits of the children; used different measures for assessing SES</p>,Low risk,<p>Fluoride codes ascribed after examinations; unlikely to be systematic bias</p>,Unclear risk,<p>Outcome data presented as a percentage; unclear if accounted for all participants </p>,Unclear risk,<p>Fluorosis outcomes presented as percentages; unclear if accounted for all participants </p>,Low risk,<p>No other apparent bias</p>
Wondwossen 2004,Unclear risk,"<p>Participants were chosen from a census, however, insufficient detail was reported on individual selection.</p>",High risk,<p>Did not account for the use of fluoride from other sources </p>,High risk,"<p>Quote: ""Intra-oral examination was conducted at the health centers of the areas by two examiners""<br />Comment: blinding not undertaken</p>",Low risk,<p>Data for all participants presented</p>,Low risk,<p>Outcome of interest reported</p>,Low risk,<p>No other apparent bias</p>
Zheng 1986,Unclear risk,<p>Insufficient information to make a judgement</p>,High risk,<p>Did not appear to account for SES </p>,High risk,<p>Not reported</p>,High risk,<p>Fluorosis data for all participants reported</p>,High risk,"<p>The authors seem to have collected caries data at baseline, but reported only the follow-up data.</p>",Unclear risk,<p>Unable to identify information pertaining to the training/reliability of outcome assessors </p>
Zimmermann 1954,Low risk,<p>All eligible children were invited to participate.</p>,Low risk,<p>Did not account for the use of fluoride from other sources or SES</p>,High risk,<p>Insufficient information</p>,Low risk,<p>Data for all participants presented</p>,Low risk,<p>Outcome of interest presented</p>,High risk,<p>There was no mention of examiner calibration</p>
