Study,Domain (judgement): Random sequence generation (selection bias),Domain (support): Random sequence generation (selection bias),Domain (judgement): Allocation concealment (selection bias),Domain (support): Allocation concealment (selection bias),Domain (judgement): Blinding of participants and personnel (performance bias): All outcomes,Domain (support): Blinding of participants and personnel (performance bias): All outcomes,Domain (judgement): Blinding of outcome assessment (detection bias): Participant-assessed outcomes,Domain (support): Blinding of outcome assessment (detection bias): Participant-assessed outcomes,Domain (judgement): Blinding of outcome assessment (detection bias): Personnel-assessed outcomes,Domain (support): Blinding of outcome assessment (detection bias): Personnel-assessed outcomes,Domain (judgement): Incomplete outcome data (attrition bias): All outcomes,Domain (support): Incomplete outcome data (attrition bias): All outcomes,Domain (judgement): Selective reporting (reporting bias),Domain (support): Selective reporting (reporting bias),Domain (judgement): Other bias,Domain (support): Other bias
Ahl 1986,Unclear risk,<p>Quote: &quot;each patient was randomly allocated.&quot;</p><p>Comment: method of randomisation not described. No baseline data reported to allow assessment of study group comparability owing to effective randomisation</p>,Unclear risk,"<p>Quote: ""by instruction in a sealed envelope.""</p><p>Comment: insufficient information provided</p>",High risk,<p>Participant and therapist blinding not possible</p>,High risk,<p>Participant and therapist blinding not possible</p>,Unclear risk,<p> Insufficient information on whether assessor blinding was implemented</p>,Low risk,"<p>Quote: ""Forty-six patients were included in this study. Two patients were lost to follow-up.""</p><p>Comment: lost participants were in the early weight-bearing group. Because losses were few, we did not expect that this attrition would influence the data.</p>",High risk,"<p>Study protocol or clinical trials registration was not reported and we could not use these documents to effectively assess risk of selective reporting bias. We noted from the Methods section of the report that activity limitation questionnaire was measured, but not reported.</p>",Low risk,<p>We identified no other sources of bias.</p>
Ahl 1987,Unclear risk,<p>Quote: &quot;all the fractures were randomly allocated.&quot;</p><p>Comment: method of randomisation not described. No baseline data reported to allow assessment of study group comparability owing to effective randomisation</p>,Unclear risk,<p>Method of allocation not described</p>,High risk,<p>Participant and therapist blinding not possible</p>,High risk,<p>Participant blinding not possible</p>,Unclear risk,<p> Insufficient information on whether assessor blinding was implemented.</p>,Low risk,"<p>Quote: ""of 53 patients included in this study, 2 patients were lost to follow-up.""</p><p>Comment: both lost participants were from the late weight-bearing group. Reasons for losses were death in one participant and withdrawal from the study by the other participant. We did not expect this small number of losses to impact the outcome data.</p>",High risk,"<p>Study protocol or clinical trials registration was not reported, and we could not use these documents to effectively assess risk of selective reporting bias. We noted from the Methods section of the report that activity limitation questionnaire was measured, but not reported.</p>",Low risk,<p>We identified no other sources of bias.</p>
Ahl 1988,Unclear risk,<p>Quote: &quot;the patients were randomly allocated.&quot;</p><p>Comment: method of randomisation not described. No baseline data reported to allow assessment of study group comparability owing to effective randomisation</p>,Unclear risk,<p>Method of allocation not described</p>,High risk,<p>Participant and therapist blinding not possible</p>,High risk,<p>Participant blinding not possible</p>,Unclear risk,<p> Insufficient information provided</p>,High risk,"<p>Overall loss at 6 months of 16%. Losses are reasonably balanced between groups, but reasons for losses were not reported.</p>",High risk,"<p>Study protocol or clinical trials registration was not reported, and we could not use these documents to effectively assess risk of selective reporting bias. We noted from the Methods section of the report that activity limitation questionnaire was measured, but not reported.</p>",Low risk,<p>We identified no other sources of bias.</p>
Ahl 1993,Unclear risk,<p>Quote: &quot;the patients were randomly allocated.&quot;</p><p>Comment: method of randomisation not described. No baseline data reported to allow assessment of study group comparability owing to effective randomisation</p>,Unclear risk,<p>Method of allocation not described</p>,High risk,<p>Participant and therapist blinding not possible</p>,High risk,<p>Participant and therapist blinding not possible</p>,High risk,<p>Insufficient information on whether assessor blinding was implemented. We assumed therefore that no attempts were made to blind outcome assessors.</p>,Low risk,"<p>Some participants were excluded after randomisation, and it was not clear to which group these participants belonged. Because loss was &lt; 10%, we did not expect this to impact on the results.</p>",Unclear risk,"<p>Study protocol or clinical trials registration was not reported, and we could not use these documents to effectively assess risk of selective reporting bias. </p>",Low risk,<p>We identified no other sources of bias.</p>
Bretherton 2024,Low risk,<p>Quote (from protocol): &quot;randomly allocated to one of two intervention groups (1:1) using a secure (encrypted) remote computer randomisation service administered by the Oxford Clinical Trials Research Unit&quot;</p>,Low risk,<p>Quote (from protocol): &quot;randomly allocated to one of two intervention groups (1:1) using a secure (encrypted) remote computer randomisation service administered by the Oxford Clinical Trials Research Unit&quot;</p>,High risk,<p>Not possible to blind participants and personnel to treatments</p>,High risk,<p>Participants aware of group allocation</p>,Not applicable,,High risk,"<p>Although reasonably balanced between groups, losses at end of follow-up were approximately 15%. </p>",Low risk,<p>Prospective clinical trials registration (ISRCTN12883981). Reported outcomes are consistent with those listed in the clinical trials register</p>,Low risk,<p>We identified no other sources of bias.</p>
Brink 1996,Low risk,<p>Quote: &quot;randomized by random number table.&quot; </p><p>Comment: we noted that there was a higher proportion of females</p>,Low risk,"<p>Additional information obtained from author: by consecutively numbered, opaque envelopes.</p>",High risk,<p>Participant and therapist blinding not possible</p>,High risk,<p>Participant blinding not possible</p>,Unclear risk,<p>Insufficient information on whether assessor blinding was implemented</p>,Unclear risk,<p>Only participants without fracture union were examined at 6 weeks. We could not be certain of the impact on data for this time point.</p>,Unclear risk,"<p>Study protocol or clinical trials registration was not reported, and we could not use these documents to effectively assess risk of selective reporting bias. </p>",Low risk,<p>We identified no other sources of bias.</p>
Christie 1990,Not applicable,,Not applicable,,Not applicable,,Not applicable,,Not applicable,,Not applicable,,Not applicable,,Not applicable,
Davies 1991,High risk,"<p>Quote: ""subject selection depended on which consultant was responsible for the care of the patient.""</p><p>Comment: quasi-random procedure</p>",High risk,<p>Quasi-random procedure</p>,High risk,<p>Participant and therapist blinding not possible</p>,High risk,<p>Participants were not blinded</p>,High risk,<p>The assessor was aware of the study-group allocation of the participants.</p>,High risk,"<p>Whilst losses were balanced between groups, the reasons for loss were not reported and the overall number of losses was high.</p>",Unclear risk,"<p>Study protocol or clinical trials registration was not reported, and we could not use these documents to effectively assess risk of selective reporting bias. </p>",Low risk,<p>We identified no other sources of bias.</p>
Dehghan 2016,Unclear risk,<p>Not reported</p>,Low risk,"<p>Quote: &quot;use of concealed sequentially numbered, opaque, sealed envelopes&quot; and &quot;Allocation was concealed from patients and investigators until the randomization was completed&quot;</p>",High risk,<p>Not possible to blind participants or personnel to treatments</p>,High risk,<p>Participants aware of treatment allocation</p>,Unclear risk,<p>Study authors do not report whether outcome assessors were blinded.</p>,Unclear risk,"<p>Losses are reported, and reasonably balanced between groups, but reasons for losses are not reported, and it is not clear why some participants were re-included at 12 months.</p>",Unclear risk,<p>Clinical trials registration or protocol not reported. It is not feasible to effectively assess risk of selective reporting bias without these documents.</p>,Low risk,<p>We identified no other sources of bias.</p>
DiStasio 1994,High risk,<p>Additional information obtained from author: randomisation was performed by order of presentation.</p><p>Comment: quasi-random procedure</p>,High risk,<p>Quasi-random procedure</p>,High risk,<p>Participant and therapist blinding not possible</p>,High risk,<p>Participant blinding not possible</p>,Unclear risk,<p>Insufficient information on whether assessor blinding was implemented</p>,Low risk,<p>Few losses which are balanced between groups</p>,Unclear risk,<p>Clinical trials registration or protocol not reported. It is not feasible to effectively assess risk of selective reporting bias without these documents.</p>,Low risk,<p>We identified no other sources of bias.</p>
Dogra 1999,Low risk,<p>Additional information obtained from author: randomisation by computer random number function.</p>,Unclear risk,"<p>Quote: ""sealed opaque randomization envelopes.""</p><p>Comment: insufficient information provided about number of the envelopes</p>",High risk,<p>Participant and therapist blinding not possible</p>,High risk,<p>Participant blinding not possible</p>,Low risk,"<p>Quote: ""all patients were assessed by a single observer who was 'blind' to the post operative regime.""</p><p>Comment: assessor blinding was implemented</p>",Low risk,<p>Quote: &quot;All patients attended for follow-up until completion of the study.&quot;</p>,Unclear risk,<p>Clinical trials registration or protocol not reported. It is not feasible to effectively assess risk of selective reporting bias without these documents.</p>,Low risk,<p>We identified no other sources of bias.</p>
Egol 2000,Low risk,<p>Additional information obtained from author: randomisation by random numbers table</p>,Low risk,"<p>Additional information obtained from author: by sealed, opaque and consecutively numbered envelopes</p>",High risk,<p>Participant and therapist blinding not possible</p>,High risk,<p>Participant blinding not possible</p>,High risk,"<p>Quote: ""The operating surgeon performed the follow-up rating score""</p>",Low risk,"<p>It is not clear to which group lost participants belonged. Reasons for loss, however, are clearly reported and the overall number of losses is &lt; 10%.</p>",Unclear risk,<p>Clinical trials registration or protocol not reported. It is not feasible to effectively assess risk of selective reporting bias without these documents.</p>,Low risk,<p>We identified no other sources of bias.</p>
Finsen 1989,Unclear risk,"<p>Quote: ""patients were randomly assigned.""</p><p>Comment: method of randomisation not described</p>",Unclear risk,<p>Method of allocation not described</p>,High risk,<p>Participant and therapist blinding not possible</p>,High risk,<p>Participant blinding not possible</p>,Unclear risk,"<p>Quote: ""'each patient was examined by one of us.""</p><p>Comment: insufficient information on whether assessor blinding was implemented</p>",High risk,"<p>Large number of losses which are balanced between groups, although reasons for losses are not reported. Because loss at 12 months is 25%, it is possible that this could impact the data.</p>",Unclear risk,<p>Clinical trials registration or protocol not reported. It is not feasible to effectively assess risk of selective reporting bias without these documents.</p>,Low risk,<p>We identified no other sources of bias.</p>
Fitzgerald 1994,Low risk,<p>Additional information obtained from author: randomisation by shuffling envelopes</p>,Low risk,"<p>Additional information obtained from author: by sealed, opaque and consecutively numbered envelopes</p>",High risk,<p>Participant and therapist blinding not possible</p>,High risk,<p>Participant blinding not possible</p>,Unclear risk,<p>Insufficient information on whether assessor blinding was implemented</p>,High risk,<p>Small study with loss in one group of 33%. No losses in the comparison group</p>,Unclear risk,<p>Clinical trials registration or protocol not reported. It is not feasible to effectively assess risk of selective reporting bias without these documents.</p>,High risk,"<p>Study is published only as an abstract, with information supplied by the study author. Not published in a peer-reviewed journal</p>"
Franke 2008,Low risk,<p>Quote: &quot;computer-generated block-randomisation sequence.&quot;</p>,Low risk,"<p>Additional information obtained from author: opening a closed, opaque envelope randomised off-site</p><p>Comment: randomisation occurred off-site</p>",High risk,"<p>Additional information obtained from author: neither participants, therapists, nor assessors were blinded</p>",High risk,"<p>Additional information obtained from author: neither participants, therapists, nor assessors were blinded</p>",High risk,"<p>Additional information obtained from author: neither participants, therapists, nor assessors were blinded</p>",Low risk,"<p>Additional information obtained from author: the analyses were conducted following the intention-to-treat principle.</p><p>Comment: 3 dropouts, which are reasonably balanced between groups. We did not expect these losses to impact the data.</p>",Unclear risk,<p>Clinical trials registration or protocol not reported. It is not feasible to effectively assess risk of selective reporting bias without these documents.</p>,Low risk,<p>We identified no other sources of bias.</p>
Ginandes 1999,Low risk,<p>Quote: &quot;randomized by order of presentation using a list of random numbers.&quot;</p>,Unclear risk,<p>Comment: method of allocation not described</p>,High risk,"<p>Quote: ""both the hypnotherapist and the orthopedist were aware of subject assignment""</p><p>Comment: participant and therapist blinding not possible</p>",High risk,<p>Participant blinding not possible</p>,High risk,"<p>Quote: ""The participating radiologist who reviewed all records was blinded to subject assignment.""</p><p>Comment: however, assessor blinding (the orthopedist and the radiologist conducted the outcome assessment) was not fully implemented.</p>",Low risk,"<p>Quote: ""an intention-to-treat approach was used.""</p><p>Quote: ""the 1 subject who dropped out with no follow-up data could not be included.""</p><p>Comment: because participant loss was small, we did not expect this to impact the data.</p>",Unclear risk,<p>Clinical trials registration or protocol not reported. It is not feasible to effectively assess risk of selective reporting bias without these documents.</p>,Low risk,<p>We identified no other sources of bias.</p>
Gorodetskyi 2010,Unclear risk,"<p>Quote: ""fixed randomisation scheme.""</p><p>Comment: insufficient information on method of randomisation</p>",Unclear risk,"<p>Quote: ""with sealed envelopes.""</p><p>Comment: insufficient information on method of allocation</p>",High risk,"<p>Quote: &quot;although health care personnel delivering postoperative therapy with the NIN device were necessarily aware of treatment status, all of the patients, evaluating physicians and nurses (including individuals responsible for collection of outcome measures) were blinded to group assignment.&quot;</p><p>Comment: participant blinding implemented but personnel were not blinded</p>",Low risk,"<p>Quote: ""although health care personnel delivering postoperative therapy with the NIN device were necessarily aware of treatment status, all of the patients, evaluating physicians and nurses (including individuals responsible for collection of outcome measures) were blinded to group assignment.""</p><p>Comment: participant blinding implemented</p>",Low risk,"<p>Quote: ""although health care personnel delivering postoperative therapy with the NIN device were necessarily aware of treatment status, all of the patients, evaluating physicians and nurses (including individuals responsible for collection of outcome measures) were blinded to group assignment.""</p><p>Comment: assessor blinding implemented</p>",Low risk,<p>CONSORT flowchart showed all participants were followed up and included in the data analysis.</p>,Unclear risk,<p>Clinical trials registration or protocol not reported. It is not feasible to effectively assess risk of selective reporting bias without these documents.</p>,Low risk,<p>We identified no other sources of bias.</p>
Handolin 2005,Unclear risk,<p>Comment: insufficient information on method of randomisation</p>,Low risk,<p>Additional information obtained from the author: randomisation was performed off-site.</p>,Low risk,<p>Quote: &quot;The patients were provided randomly in a double-blind manner with either an active... or a sham ... ultrasound device&quot;.</p>,Low risk,<p>Quote: &quot;The patients were provided randomly in a double-blind manner with either an active... or a sham ... ultrasound device&quot;.</p><p>Quote: &quot;All the analyses were performed blind to the ultrasound treatment.&quot;</p>,Low risk,<p>Quote: &quot;All the analyses were performed blind to the ultrasound treatment.&quot;</p>,Low risk,<p>No apparent losses</p>,Unclear risk,<p>Clinical trials registration or protocol not reported. It is not feasible to effectively assess risk of selective reporting bias without these documents.</p>,Low risk,<p>We identified no other sources of bias.</p>
Hedstrom 1994,Unclear risk,"<p>Quote: ""the patients were randomly allocated.""</p><p>Comment: insufficient information on method of randomisation</p>",Unclear risk,<p>Insufficient information on method of allocation</p>,High risk,<p>Participant and therapist blinding not possible</p>,High risk,<p>Participant blinding not possible</p>,Unclear risk,<p> Insufficient information on whether assessor blinding was implemented</p>,High risk,"<p>Quote: ""at 18 months, six patients were lost to follow-up.""</p><p>Comment: study is small, and loss of 6 participants equates to loss of 11%. More losses were from the control group, and it is possible that this could impact the data.</p>",Unclear risk,<p>Clinical trials registration or protocol not reported. It is not feasible to effectively assess risk of selective reporting bias without these documents.</p>,Low risk,<p>We identified no other sources of bias.</p>
Hernandez 2006,Unclear risk,"<p>Quote: ""patients were randomised.""</p><p>Comment: insufficient information on method of randomisation</p>",Unclear risk,"<p>Quote: ""using pre-prepared, identical, sealed opaque envelopes.""</p><p>Comment: insufficient information provided about numbering of envelopes</p>",High risk,"<p>Quote: ""No blinding was used.""</p><p>Comment: participant and therapist blinding not possible</p>",High risk,<p>Quote: &quot;No blinding was used.&quot;</p>,High risk,<p>Assessor blinding not implemented</p>,High risk,"<p>Quote: ""Two patients did not return for scheduled follow-up visits and one patient did not comply with the cast treatment protocol. These patients were not included in the analysis.""</p><p>Comment: small study and loss represented a large percentage. We could not be certain of the impact of this loss on data.</p>",Unclear risk,<p>Clinical trials registration or protocol not reported. It is not feasible to effectively assess risk of selective reporting bias without these documents.</p>,High risk,<p>Study reported only in an abstract and is not published in a peer-reviewed journal.  </p>
Honigmann 2007,Low risk,<p>Additional information obtained from author: randomisation sequence provided by external independent investigator</p>,Low risk,"<p>Additional information obtained from author: by sealed, opaque and consecutively numbered envelopes</p>",High risk,<p>Participant and therapist blinding not possible</p>,High risk,<p>Participant blinding not possible</p>,Unclear risk,<p>Insufficient information on whether assessor blinding was implemented</p>,Low risk,"<p>Although loss was only in the intervention group, we did not expect the loss of 2 participants to impact the data.</p>",Unclear risk,<p>Clinical trials registration or protocol not reported. It is not feasible to effectively assess risk of selective reporting bias without these documents.</p>,Low risk,<p>We identified no other sources of bias.</p>
Jansen 2018,Unclear risk,<p>Quote: &quot;randomized by lot to the two groups&quot;. </p><p>Comment: insufficient information</p>,Unclear risk,<p>No details provided</p>,High risk,<p>Not possible to blind participants and personnel</p>,High risk,<p>Not possible to blind participants </p>,High risk,"<p>Quote: &quot;Clinical follow-up was performed 6 and 12 weeks after the operation by two, not blinded, examiners.&quot;</p>",Low risk,"<p>Losses were few, balanced between groups and well explained.</p>",Unclear risk,<p>Retrospectively registered with a clinical trials register (DRKS00009979). It is not feasible to effectively assess risk of selective reporting bias from this document because it was submitted after the start of the study.</p>,Low risk,<p>We identified no other sources of bias.</p>
Kearney 2021,Low risk,<p>Use of a secure web-based system</p>,Low risk,<p>Use of an independent randomisation team</p>,High risk,<p>Not possible to blind participants and personnel to treatment</p>,High risk,<p>Participants were not blinded to treatment</p>,High risk,<p>Personnel (outcome assessors) were not blinded to treatment</p>,High risk,<p>High participant loss and reasons for losses are not fully explained. Study authors explored these losses in sensitivity analyses but concluded that missingness did not impact on final interpretation of the findings.</p>,Low risk,<p>Study prospectively registered with a clinical trials register (ISRCTN15537280) and protocol also published. Reported outcomes are mostly consistent with planned outcomes.</p>,Low risk,<p>We identified no other sources of bias.</p>
Keene 2016,Not applicable,,Not applicable,,Not applicable,,Not applicable,,Not applicable,,Not applicable,,Not applicable,,Not applicable,
Keene 2022,Low risk,<p>Quote: &quot;centralised computer randomisation service provided by the Oxford Clinical Trials Research Unit&quot;</p>,Low risk,<p>Quote: &quot;centralised computer randomisation service provided by the Oxford Clinical Trials Research Unit&quot;</p>,High risk,<p>Not possible to blind participants and personnel to treatments</p>,High risk,<p>Participants aware of treatment allocation</p>,Low risk,"<p>Quote: ""Physiotherapists or training research associates independent of the clinical team collected the objective outcome measures at the 6-month follow-up time point""</p>",High risk,"<p>Although few participants were lost to follow-up, there were more losses at 6 months in the progressive exercise group. Given that the sample size was small, we were unclear if these few losses may have impacted the results.</p>",Low risk,<p>Prospective clinical trials registration (ISRCTN16612336). Outcomes reported in the published study report are consistent with outcomes in the clinical trials register.</p>,Low risk,<p>We identified no other sources of bias.</p>
Kortegangas 2019,Low risk,<p>Quote: &quot;computerised random number generator&quot;</p>,Low risk,"<p>A biostatistician who was not involved in the clinical care of participants prepared sealed, consecutively numbered and opaque envelopes.</p>",High risk,<p>Not possible to blind participants and personnel to the treatment</p>,High risk,<p>Participants were not blinded to treatment group</p>,Low risk,<p>Quote: &quot;the outcome assessors (trained study physiotherapists) of other study outcomes and doctors carrying out the follow-up visits were blinded to group allocation when possible&quot;</p>,High risk,"<p>Losses were clearly reported and reasonably balanced between groups. However, loss for 12-month data was 24% overall.</p>",Low risk,<p>Prospectively registered with clinical trials register (NCT01758835). Reported outcomes are consistent with planned outcomes</p>,Low risk,<p>We identified no other sources of bias.</p>
Lehtonen 2003,Unclear risk,"<p>Quote: ""patients were randomly allocated.""</p><p>Comment: insufficient information on method of randomisation</p>",Unclear risk,"<p>Quote: ""use of sealed envelopes.""</p><p>Comment: insufficient information on numbering or opacity of envelopes</p>",High risk,<p>The participants and therapists were not blinded.</p>,High risk,<p>The participants were not blinded.</p>,Low risk,<p>Quote: &quot;the follow-up examinations were performed by the same independent physician who had not been involved in the actual treatment of any of the patients.&quot;</p><p>Comment: The assessor was blinded.</p>,High risk,"<p>Quote: ""A total of 12 patients were lost to follow-up.""</p><p>Comment: losses at 2 years were higher in the control group. Reasons for losses were explained and justified. We could not be certain, however, of the impact of these losses on the overall outcome data.</p>",Unclear risk,<p>Clinical trials registration or protocol not reported. It is not feasible to effectively assess risk of selective reporting bias without these documents.</p>,Low risk,<p>We identified no other sources of bias.</p>
Lin 2008b,Low risk,<p>Quote: &quot;the randomization sequence was computer-generated a priori by an independent investigator to ensure concealment.&quot;</p>,Low risk,"<p>Quote: &quot;sealed, opaque and consecutively numbered envelopes.&quot;</p>",High risk,<p>Participant and therapist blinding not possible</p>,High risk,<p>Participant blinding not possible</p>,Low risk,"<p>Quote: ""outcome assessments were conducted by an assessor blinded to treatment allocation.""</p><p>Comment: assessor blinding implemented</p>",Low risk,<p>Quote: &quot;statistical analysis was based on intention-to-treat principles&quot;</p><p>Quote: &quot;missing data were replaced by the last known value carried forward or by the means of the allocated group if no data were available&quot;</p>,Low risk,<p>All expected (mentioned in protocol and pre-specified) outcomes included</p>,Low risk,<p>We identified no other risks of bias.</p>
Losch 2002,Unclear risk,<p>Method of randomisation not described</p>,Unclear risk,<p>Method of allocation not described</p>,High risk,<p>Participant and therapist blinding not possible</p>,High risk,<p>Participant blinding not possible</p>,Unclear risk,<p>Insufficient information on whether assessor blinding was implemented</p>,High risk,"<p>Seven out of 40 participants were lost to follow-up (17.5%). Study authors do not report reasons for losses, and we noted that most loses were in the control group.</p>",Unclear risk,<p>Clinical trials registration or protocol not reported. It is not feasible to effectively assess risk of selective reporting bias without these documents.</p>,High risk,<p>Study published only as an abstract and we assumed that this study was not peer-reviewed.</p>
Matthews 2020,Low risk,<p>Online computer service</p>,Low risk,<p>Quote: &quot;facility generated the codes concealed from the research team&quot;</p>,High risk,<p>Not possible to blind participants and personnel to treatment</p>,High risk,<p>Participants were not blinded.</p>,High risk,<p>Outcome assessors were not blinded </p>,High risk,<p>Large number of participants lost</p>,Unclear risk,"<p>Because we did not have information from a final published report, it was not feasible to assess risk of selective reporting bias against clinical trials registration of published protocols.</p>",High risk,<p>We obtained data from study authors. Data has not yet been published in a peer-reviewed journal.</p>
Molund 2020,Low risk,<p>Use of a web-based &quot;randomizer&quot;</p>,Low risk,"<p>Whilst randomisation was &quot;done by the physiotherapist including the patient&quot;, we assumed that the code could not be manipulated because it was delivered by an external source (Norwegian University of Science and Technology).</p>",High risk,<p>Blinding of participants and personnel not possible</p>,High risk,<p>High for all participant-reported outcomes because of lack of blinding</p>,High risk,"<p>For other outcomes, detection bias depended on timing of data collection -- outcomes at 3 weeks were collected by unblinded physiotherapist (high risk), but later outcomes were collected by a blinded physiotherapist (low risk).</p>",Low risk,"<p>Although there were more losses at 12 months in the control group (8 losses compared with 4 losses), we judged the risk of attrition bias to be low because the loss was less than 10%.</p>",Unclear risk,<p>Retrospectively registered with a clinical trials register (NCT04168307). We could not use this information to effectively assess risk of selective reporting bias.</p>,Low risk,<p>We identified no other sources of bias.</p>
Moseley 2005,Low risk,<p>Additional information obtained from author: by computer-generated random sequence.</p>,Low risk,"<p>Quote: &quot;the randomization was concealed by using consecutively numbered, sealed, opaque envelopes.&quot;</p>",High risk,<p>Participant and therapist blinding not possible</p>,High risk,<p>Participant blinding not possible</p>,Low risk,"<p>Quote: ""All measurements were made by assessors who were blind to group allocation.""</p><p>Comment: assessor blinding implemented</p>",High risk,"<p>Whilst losses were reasonably balanced between groups, loss was high for a 3-month follow-up and reasons for loss were not provided.</p>",Unclear risk,<p>Clinical trials registration or protocol not reported. It is not feasible to effectively assess the risk of selective reporting bias without these documents.</p>,Low risk,<p>We identified no other sources of bias.</p>
Moseley 2015,Low risk,<p>Randomisation was concealed using a central telephone-based randomisation service provided by the Australian National Health and Medical Research Council Clinical Trials Centre.</p>,Low risk,<p>Randomisation was concealed using a central telephone-based randomisation service provided by the Australian National Health and Medical Research Council Clinical Trials Centre.</p>,High risk,<p>Not possible to blind participants and personnel</p>,High risk,<p>Primary outcomes (activity limitation and quality of life) were self-reported by unblinded participants. </p>,Low risk,"<p>Attempts made, where possible, to blind outcome assessors to some outcomes by using different physical therapists than those who had conducted the therapy.</p>",Low risk,"<p>Study authors used intention-to-treat analysis when reporting findings for primary analysis. We note, however, that losses ranged from approximately 10% at 1 month to 20% at 6 months. However, losses were balanced between groups and explained in the report.</p>",Low risk,<p>Prospectively published protocol and clinical trials registration. Outcomes reported in the final study report were consistent with those in the protocol documents.</p>,Low risk,<p>We identified no other sources of bias.</p>
Nilsson 2009,Low risk,<p>Additional information obtained from author: by shuffling envelopes</p>,Unclear risk,<p>Additional information obtained from author: by sealed envelopes without codes on the outside</p><p>Comment: insufficient information on numbering and opacity of envelopes</p>,High risk,<p>Participant and therapist blinding not possible</p>,High risk,<p>Participant blinding not possible</p>,Low risk,"<p>Quote: ""all subjects were examined by the same physiotherapist who was blinded to the allocation group.""</p><p>Comment: assessor blinding implemented</p>",High risk,"<p>Loss of 12% participants, with more losses in the control group </p>",High risk,"<p>The published protocol doesn't state the SF-36 will only be partly used. Also, a few of the reported outcomes weren't pre-specified in the published protocol.</p>",Low risk,<p>We identified no other sources of bias.</p>
Palke 2022,Low risk,<p>Computer-generated randomisation</p>,Low risk,<p>Quote: &quot;The patients were assigned to the respective group by the Centre for Clinical Trials through blinded faxes sent to each participating institution.&quot;</p>,High risk,<p>Not possible to blind participants and personnel</p>,High risk,<p>Individuals assessing outcomes (participants) were aware of their allocation to either intervention or control group.</p>,High risk,<p>Individuals assessing outcomes (personnel) were aware of their allocation to either intervention or control group.</p>,High risk,"<p>A relatively high number of losses (10 losses overall from 53 randomised participants). Reasons for losses are explained, and include those who did not receive the allocated treatment.</p>",Low risk,"<p>Prospective clinical trials registration (NCT02790229). Most reported outcomes are consistent with those in the clinical trials register. However, we note that data from the SF-36 are not reported. Because quality of life is measured by the other measurement tools used in this study, we did not judge this to be a high risk of selective reporting bias.</p>",Low risk,<p>We identified no other sources of bias.</p>
Park 2021,Low risk,<p>Computer-generated randomisation</p>,Low risk,"<p>Quote: ""A biostatistician who was not involved in the clinical care of the patients prepared sealed envelopes using a computerized random number generator. The group allocation was concealed from the investigators, and the consecutively numbered sealed envelopes were opened at the 2-week postoperative visit to allocate patients into either group"".</p>",High risk,<p>Not possible to blind participants and personnel to treatment</p>,High risk,<p>Participants were not blinded. </p>,Low risk,<p>Attempts were made to conceal group allocation from those assessing other outcome measures.</p>,High risk,<p>Large number of losses at 12 months. More losses in the control group and reasons for these losses were not explained.</p>,Low risk,<p>Prospectively registered with clinical trials register (NCT02029170). Reported outcomes were consistent with outcomes in trial register.</p>,Low risk,<p>We identified no other sources of bias.</p>
Rasmussen 2006,Low risk,<p>Quote: &quot;The patients were allocated to the two groups according to a computer generated randomized list.&quot;</p>,Low risk,"<p>Quote: ""concealed in a set of numbered envelopes.""</p><p>Comment: insufficient information on numbering or opacity of envelopes</p>",High risk,<p>Participants and therapists were not blinded.</p>,High risk,<p>Participants were not blinded.</p>,Low risk,<p>Additional information obtained from author: assessor was blinded.</p>,Low risk,<p>Few apparent losses</p>,Unclear risk,<p>Clinical trials registration or protocol not reported. It is not feasible to effectively assess risk of selective reporting bias without these documents.</p>,High risk,"<p>Study reported only in an abstract, with other information supplied after contact with study authors, and is not published in a peer-reviewed journal. </p>"
Reed 1998,Low risk,<p>Additional information obtained from author: by shuffling envelopes</p>,Low risk,"<p>Additional information obtained from author: by sealed, opaque, and consecutively numbered envelopes</p>",High risk,<p>Participant and therapist blinding not possible</p>,High risk,<p>Participant blinding not possible</p>,Low risk,<p>Assessor blinding implemented</p>,High risk,<p>Large participant loss which is not explained</p>,Unclear risk,<p>Clinical trials registration or protocol not reported. It is not feasible to effectively assess risk of selective reporting bias without these documents.</p>,High risk,"<p>Study reported only in an abstract, with additional information supplied by study author, and is not published in a peer-reviewed journal. </p>"
Romero Zepeda 2008,Low risk,<p>Additional information obtained from author: by drawing of lots</p>,High risk,<p>Additional information obtained from author: using an open random list of numbers</p>,High risk,<p>Participant and therapist blinding not possible</p>,High risk,<p>Participant blinding not possible</p>,Low risk,<p>Assessor blinding implemented (an independent assessor measured swelling)</p>,Low risk,<p>No apparent losses</p>,Unclear risk,<p>Clinical trials registration or protocol not reported. It is not feasible to effectively assess risk of selective reporting bias without these documents.</p>,Low risk,<p>We identified no other sources of bias.</p>
Schubert 2020,Low risk,<p>Use of random number generator</p>,Unclear risk,<p>Not reported</p>,High risk,<p>Not possible to blind participants and personnel</p>,High risk,<p>Participants were not blinded</p>,Low risk,<p>Quote: &quot;follow-up examinations and rating scores were completed by 1 of 2 orthopedic nurse practitioners not involved in patients’ care&quot;</p>,Low risk,<p>Small number of losses which were clearly reported</p>,Unclear risk,<p>Protocol or clinical trials registration not reported. It is not feasible to effectively assess risk of selective reporting bias without these documents.</p>,Low risk,<p>We identified no other sources of bias.</p>
Seiger 2009,High risk,<p>Participants were paired according to their entry date. The first of the pair was randomly assigned to groups by drawing a number out of a hat. The second in each pair was assigned to the other group.</p><p>Comment: randomisation sequence generated by a rule based on date of entry.</p>,High risk,<p>Allocation of the second participant in each pair was by alternation.</p>,Low risk,<p>Quote: &quot;The same therapist obtained all measurements. This therapist and all subjects were blinded to group assignment.&quot;</p>,Low risk,<p>Quote: &quot;The same therapist obtained all measurements. This therapist and all subjects were blinded to group assignment.&quot;</p>,Low risk,<p>Quote: &quot;The same therapist obtained all measurements. This therapist and all subjects were blinded to group assignment.&quot;</p>,Low risk,"<p>Quote: &quot;One subject in the treatment group completed 7 of 12 treatment sessions then stopped participation.&quot;</p><p>Comment: data were not reported for this one participant at end of treatment and reason is not explained. However, loss is small</p>",Unclear risk,<p>Clinical trials registration or protocol not reported. It is not feasible to effectively assess risk of selective reporting bias without these documents. We noted that one measurement (pain during shortwave diathermy) was not pre-specified in the Methods.</p>,Low risk,<p>We identified no other sources of bias.</p>
Siddique 2005,High risk,"<p>Quote: ""patients admitted under the care of consultant A were included to the immobilized group. Patients admitted under the care of consultant B were included to the mobilized group.""</p><p>Comment: quasi-random procedure</p>",High risk,<p>Quasi-random procedure</p>,High risk,<p>Participants and therapists were not blinded.</p>,High risk,<p>Participants were not blinded.</p>,Low risk,"<p>Quote: ""An independent and blinded physiotherapist assessed all patients at 6 and 12 weeks post-surgery.""</p><p>Comment: assessor was blinded.</p>",Low risk,<p>No apparent losses</p>,Unclear risk,<p>Clinical trials registration or protocol not reported. It is not feasible to effectively assess risk of selective reporting bias without these documents.</p>,Low risk,<p>We identified no other sources of bias.</p>
Smeeing 2020,Low risk,<p>Computer-generated randomisation</p>,Unclear risk,<p>Not reported</p>,High risk,<p>Not possible to blind participants and personnel to treatment</p>,High risk,<p>Participants were not blinded</p>,Unclear risk,<p>No information is reported on whether outcome assessors were blinded to treatment allocation</p>,Low risk,<p>No apparent losses</p>,Low risk,"<p>Prospective clinical trials registration (NTR3727). Outcomes relevant to this review are included in the trial register documents. Whilst most outcomes are reported in the published report, we note that no data are reported for pain (using a VAS).  </p>",Low risk,<p>We identified no other sources of bias.</p>
Sondenaa 1986,Low risk,<p>Additional information obtained from author: by mixing envelopes</p>,Unclear risk,<p>Additional information obtained from author: sealed envelopes</p><p>Comment: insufficient information on numbering or opacity of envelopes</p>,High risk,<p>Participant and therapist blinding not possible</p>,High risk,<p>Participant blinding not possible</p>,Unclear risk,<p>Insufficient information on whether assessor blinding was implemented</p>,Low risk,<p>No apparent losses</p>,Unclear risk,<p>Clinical trials registration or protocol not reported. It is not feasible to effectively assess risk of selective reporting bias without these documents.</p>,Low risk,<p>We identified no other sources of bias.</p>
Stockle 2000,High risk,"<p>Quote: ""the assignment took place randomly after order of admittance to the emergency ward.""</p><p>Comment: quasi-random procedure</p>",High risk,<p>Quasi-random procedure</p>,High risk,<p>Participant and therapist blinding not possible</p>,High risk,<p>Participant blinding not possible</p>,Unclear risk,<p>Insufficient information on whether assessor blinding was implemented</p>,Low risk,<p>No apparent losses</p>,Unclear risk,<p>Clinical trials registration or protocol not reported. It is not feasible to effectively assess risk of selective reporting bias without these documents.</p>,Low risk,<p>We identified no other sources of bias.</p>
Stuart 1989,Low risk,<p>Quote: &quot;the patients were allocated to one of two groups using a table of random numbers.&quot;</p>,Low risk,"<p>Additional information obtained from author: by sealed, opaque and consecutively numbered envelopes</p>",High risk,<p>Participant and therapist blinding not possible</p>,High risk,<p>Participant blinding not possible</p>,Unclear risk,<p>Insufficient information on whether assessor blinding was implemented</p>,Low risk,<p>Small loss of 3 participants; loss balanced between groups and reasons for losses explained</p>,Unclear risk,<p>Clinical trials registration or protocol not reported. It is not feasible to effectively assess risk of selective reporting bias without these documents.</p>,Low risk,<p>We identified no other sources of bias.</p>
Tropp 1995,Low risk,<p>Additional information obtained from author: by shuffling envelopes</p>,Low risk,"<p>Additional information obtained from author: by sealed, opaque, and consecutively numbered envelopes</p>",High risk,<p>Participant and therapist blinding not possible</p>,High risk,<p>Participant blinding not possible</p>,Low risk,<p>Additional information obtained from author: assessor was blinded</p>,Low risk,<p>No apparent losses</p>,Unclear risk,<p>Clinical trials registration or protocol not reported. It is not feasible to effectively assess risk of selective reporting bias without these documents.</p>,Low risk,<p>We identified no other sources of bias.</p>
Van den Berg 2018,Unclear risk,<p>Method of sequence generation is not clearly reported</p>,Low risk,"<p>After permission and written informed consent, participants were randomised into two groups using sealed opaque envelopes.</p>",High risk,<p>Blinding of participants and personnel not possible</p>,High risk,<p>Participants were not blinded</p>,Low risk,"<p>Independent assessors were used, and were blinded to study treatment</p>",High risk,"<p>Attrition for both groups was even and reasons for attrition are provided. However, loss at 12 months was more than 10%, and we could not be certain whether this impacted the outcome data.</p>",Unclear risk,<p>Clinical trials registration or protocol not reported. It is not feasible to effectively assess risk of selective reporting bias without these documents.</p>,Low risk,<p>We identified no other sources of bias.</p>
Van Laarhoven 1996,High risk,"<p>Quote: ""we randomized using an odd or even date of accident.""</p><p>Comment: quasi-random procedure</p>",High risk,<p>Quasi-random procedure</p>,High risk,<p>Participant and therapist blinding not possible</p>,High risk,<p>Participant blinding not possible</p>,High risk,"<p>Quote: ""it was not possible to undertake blind assessment of the treatment groups.""</p><p>Comment: assessor blinding possible but not implemented</p>",Low risk,"<p>Although group allocation of lost participants is not reported or the reason for loss, the number of losses is few and unlikely to impact the data.</p>",Unclear risk,<p>Clinical trials registration or protocol not reported. It is not feasible to effectively assess risk of selective reporting bias without these documents.</p>,Low risk,<p>We identified no other sources of bias.</p>
Venesmaa 2004,Unclear risk,<p>Method of allocation not described</p>,Unclear risk,<p>Method of allocation not described</p>,High risk,<p>Participant and therapist blinding not possible</p>,High risk,<p>Participant blinding not possible</p>,Unclear risk,<p>Insufficient information on whether assessor blinding was implemented</p>,Low risk,<p>No apparent losses</p>,Unclear risk,<p>Clinical trials registration or protocol not reported. It is not feasible to effectively assess risk of selective reporting bias without these documents.</p>,High risk,"<p>Study published only as an abstract, not in a peer-reviewed journal</p>"
Vioreanu 2007,High risk,"<p>Quote: ""patients were randomly assigned, using their odd or even day of date of birth.""</p><p>Comment: quasi-random procedure</p>",High risk,<p>Quasi-random procedure</p>,High risk,<p>Participant and therapist blinding not possible</p>,High risk,<p>Participant blinding not possible</p>,Unclear risk,<p>Insufficient information on whether assessor blinding was implemented</p>,Low risk,"<p>Few losses, with reasons provided, although it is not clear to which group the losses were allocated</p>",Unclear risk,<p>Clinical trials registration or protocol not reported. It is not feasible to effectively assess risk of selective reporting bias without these documents.</p>,Low risk,<p>We identified no other sources of bias.</p>
Wetzler 1991,High risk,<p>Additional information obtained from author: allocation by birth dates</p><p>Comment: quasi-random procedure</p>,High risk,<p>Quasi-random procedure</p>,High risk,<p>Participant and therapist blinding not possible</p>,High risk,<p>Participant blinding not possible</p>,Unclear risk,<p>Insufficient information on whether assessor blinding was implemented</p>,Unclear risk,"<p>Because of insufficient reporting in the abstract, we could not be certain of participant losses.</p>",Unclear risk,<p>Clinical trials registration or protocol not reported. It is not feasible to effectively assess risk of selective reporting bias without these documents.</p>,High risk,"<p>Study published only as an abstract, and we assumed that this study was not peer-reviewed. </p>"
Wilson 1991,Low risk,<p>Additional information obtained from author: by shuffling envelopes</p>,Unclear risk,<p>Additional information obtained from author: by sealed opaque envelopes selected by receptionist/physiotherapy assistant</p><p>Comment: insufficient information on numbering of envelopes</p>,High risk,<p>Participants and therapists were not blinded.</p>,High risk,<p>Participants were not blinded.</p>,Low risk,<p>Quote: &quot;A 'blind' assessor recorded measurements.&quot;</p>,High risk,"<p>Both participants were lost from the intervention group. Because the study is so small, this could impact the data.</p>",Unclear risk,<p>Clinical trials registration or protocol not reported. It is not feasible to effectively assess risk of selective reporting bias without these documents.</p>,Low risk,<p>We identified no other sources of bias.</p>
